date,commodity,model,horizon_day,forecast,lower,upper,is_best_model
2026-07-01,Onion,SARIMA,1,40.4848,34.7731,45.7428,False
2026-07-02,Onion,SARIMA,2,40.6924,31.7202,48.7263,False
2026-07-03,Onion,SARIMA,3,39.987,29.8053,50.6412,False
2026-07-04,Onion,SARIMA,4,39.8066,28.1914,52.2552,False
2026-07-05,Onion,SARIMA,5,39.2021,26.7697,53.6768,False
2026-07-06,Onion,SARIMA,6,40.7248,25.3532,54.8307,False
2026-07-07,Onion,SARIMA,7,40.1918,24.1714,56.0124,False
2026-07-08,Onion,SARIMA,8,40.3133,22.9645,57.2512,False
2026-07-09,Onion,SARIMA,9,39.7589,21.7993,58.4122,False
2026-07-10,Onion,SARIMA,10,40.8809,20.7156,59.4959,False
2026-07-11,Onion,SARIMA,11,40.7228,19.6893,60.5222,False
2026-07-12,Onion,SARIMA,12,40.1283,18.7122,61.4993,False
2026-07-13,Onion,SARIMA,13,39.886,17.7778,62.4337,False
2026-07-14,Onion,SARIMA,14,39.9972,16.881,63.3305,False
2026-07-15,Onion,SARIMA,15,39.7505,16.0175,64.194,False
2026-07-16,Onion,SARIMA,16,40.2111,15.184,65.0275,False
2026-07-17,Onion,SARIMA,17,39.8524,14.3774,65.8341,False
2026-07-18,Onion,SARIMA,18,40.5231,13.5954,66.6161,False
2026-07-19,Onion,SARIMA,19,39.9957,12.8358,67.3757,False
2026-07-20,Onion,SARIMA,20,39.9987,12.0967,68.1148,False
2026-07-21,Onion,SARIMA,21,41.0543,11.3767,68.8348,False
2026-07-22,Onion,SARIMA,22,39.7912,10.6743,69.5372,False
2026-07-23,Onion,SARIMA,23,39.3212,9.9883,70.2232,False
2026-07-24,Onion,SARIMA,24,40.4007,9.3175,70.894,False
2026-07-25,Onion,SARIMA,25,39.0365,8.6611,71.5504,False
2026-07-26,Onion,SARIMA,26,40.3439,8.018,72.1935,False
2026-07-27,Onion,SARIMA,27,40.7443,7.3877,72.8238,False
2026-07-28,Onion,SARIMA,28,40.2354,6.7692,73.4423,False
2026-07-29,Onion,SARIMA,29,40.2015,6.162,74.0495,False
2026-07-30,Onion,SARIMA,30,39.0517,5.5655,74.646,False
2026-07-31,Onion,SARIMA,31,40.5063,4.9791,75.2324,False
2026-08-01,Onion,SARIMA,32,40.4175,4.4023,75.8092,False
2026-08-02,Onion,SARIMA,33,39.5421,3.8347,76.3768,False
2026-08-03,Onion,SARIMA,34,41.2642,3.2758,76.9357,False
2026-08-04,Onion,SARIMA,35,39.5131,2.7253,77.4862,False
2026-08-05,Onion,SARIMA,36,39.259,2.1828,78.0287,False
2026-08-06,Onion,SARIMA,37,39.1855,1.648,78.5635,False
2026-08-07,Onion,SARIMA,38,40.2108,1.1205,79.091,False
2026-08-08,Onion,SARIMA,39,40.3849,0.6,79.6115,False
2026-08-09,Onion,SARIMA,40,40.4424,0.0863,80.1252,False
2026-08-10,Onion,SARIMA,41,40.008,-0.4209,80.6324,False
2026-08-11,Onion,SARIMA,42,39.7427,-0.9218,81.1333,False
2026-08-12,Onion,SARIMA,43,40.6667,-1.4167,81.6282,False
2026-08-13,Onion,SARIMA,44,39.6953,-1.9058,82.1173,False
2026-08-14,Onion,SARIMA,45,39.521,-2.3892,82.6007,False
2026-08-15,Onion,SARIMA,46,40.9785,-2.8672,83.0787,False
2026-08-16,Onion,SARIMA,47,40.2954,-3.3399,83.5514,False
2026-08-17,Onion,SARIMA,48,40.4594,-3.8076,84.0191,False
2026-08-18,Onion,SARIMA,49,40.5456,-4.2703,84.4818,False
2026-08-19,Onion,SARIMA,50,39.8772,-4.7282,84.9397,False
2026-08-20,Onion,SARIMA,51,39.8989,-5.1815,85.393,False
2026-08-21,Onion,SARIMA,52,40.5539,-5.6303,85.8418,False
2026-08-22,Onion,SARIMA,53,39.8518,-6.0748,86.2863,False
2026-08-23,Onion,SARIMA,54,40.3839,-6.515,86.7265,False
2026-08-24,Onion,SARIMA,55,40.1464,-6.9511,87.1626,False
2026-08-25,Onion,SARIMA,56,39.5297,-7.3832,87.5947,False
2026-08-26,Onion,SARIMA,57,40.7357,-7.8114,88.0229,False
2026-08-27,Onion,SARIMA,58,39.4766,-8.2358,88.4473,False
2026-08-28,Onion,SARIMA,59,40.3263,-8.6565,88.868,False
2026-08-29,Onion,SARIMA,60,40.2337,-9.0736,89.2851,False
2026-07-01,Onion,XGBoost,1,40.9849,39.3316,41.1427,False
2026-07-02,Onion,XGBoost,2,40.6398,39.3614,41.9227,False
2026-07-03,Onion,XGBoost,3,41.0437,39.3523,42.4892,False
2026-07-04,Onion,XGBoost,4,41.5524,39.1663,42.7885,False
2026-07-05,Onion,XGBoost,5,41.3915,38.966,43.0157,False
2026-07-06,Onion,XGBoost,6,41.2808,38.7988,43.2351,False
2026-07-07,Onion,XGBoost,7,40.7598,38.6349,43.4267,False
2026-07-08,Onion,XGBoost,8,40.444,38.5108,43.6333,False
2026-07-09,Onion,XGBoost,9,41.1948,38.3276,43.7609,False
2026-07-10,Onion,XGBoost,10,40.6172,38.0987,43.8259,False
2026-07-11,Onion,XGBoost,11,41.1536,37.7479,43.7547,False
2026-07-12,Onion,XGBoost,12,40.4974,37.302,43.5758,False
2026-07-13,Onion,XGBoost,13,39.8295,37.0399,43.5699,False
2026-07-14,Onion,XGBoost,14,40.3503,36.872,43.6485,False
2026-07-15,Onion,XGBoost,15,40.633,36.7893,43.8037,False
2026-07-16,Onion,XGBoost,16,40.3725,36.7106,43.955,False
2026-07-17,Onion,XGBoost,17,39.8624,36.6248,44.0922,False
2026-07-18,Onion,XGBoost,18,40.4179,36.4889,44.1727,False
2026-07-19,Onion,XGBoost,19,40.4914,36.4043,44.2987,False
2026-07-20,Onion,XGBoost,20,40.7501,36.2997,44.3992,False
2026-07-21,Onion,XGBoost,21,40.7733,36.2799,44.5794,False
2026-07-22,Onion,XGBoost,22,39.8435,36.1623,44.6572,False
2026-07-23,Onion,XGBoost,23,39.8781,35.8724,44.5582,False
2026-07-24,Onion,XGBoost,24,40.2991,35.5841,44.4567,False
2026-07-25,Onion,XGBoost,25,38.7206,35.1997,44.2553,False
2026-07-26,Onion,XGBoost,26,39.7845,34.7927,44.0275,False
2026-07-27,Onion,XGBoost,27,38.7237,34.5462,43.957,False
2026-07-28,Onion,XGBoost,28,38.9424,34.4454,44.0289,False
2026-07-29,Onion,XGBoost,29,39.913,34.2902,44.0433,False
2026-07-30,Onion,XGBoost,30,39.0213,34.1568,44.0766,False
2026-07-31,Onion,XGBoost,31,38.8535,34.0394,44.1232,False
2026-08-01,Onion,XGBoost,32,39.0704,33.8501,44.0953,False
2026-08-02,Onion,XGBoost,33,38.9656,33.8754,44.2794,False
2026-08-03,Onion,XGBoost,34,39.536,34.6645,45.225,False
2026-08-04,Onion,XGBoost,35,41.423,35.9856,46.7002,False
2026-08-05,Onion,XGBoost,36,43.2608,36.6941,47.5608,False
2026-08-06,Onion,XGBoost,37,43.172,37.2098,48.2263,False
2026-08-07,Onion,XGBoost,38,44.109,38.3418,49.5062,False
2026-08-08,Onion,XGBoost,39,44.9351,39.1957,50.506,False
2026-08-09,Onion,XGBoost,40,46.3983,40.2852,51.7396,False
2026-08-10,Onion,XGBoost,41,46.7339,40.6466,52.2433,False
2026-08-11,Onion,XGBoost,42,45.8512,40.5201,52.2574,False
2026-08-12,Onion,XGBoost,43,46.9238,40.762,52.6382,False
2026-08-13,Onion,XGBoost,44,46.9545,40.9779,52.9915,False
2026-08-14,Onion,XGBoost,45,47.8822,40.9093,53.0585,False
2026-08-15,Onion,XGBoost,46,46.8483,40.8837,53.1672,False
2026-08-16,Onion,XGBoost,47,48.4604,41.613,54.0293,False
2026-08-17,Onion,XGBoost,48,47.3802,41.8108,54.3585,False
2026-08-18,Onion,XGBoost,49,48.6069,42.1527,54.8305,False
2026-08-19,Onion,XGBoost,50,48.3177,42.3709,55.1774,False
2026-08-20,Onion,XGBoost,51,48.4005,42.4827,55.4165,False
2026-08-21,Onion,XGBoost,52,49.2926,42.3836,55.4437,False
2026-08-22,Onion,XGBoost,53,49.1702,43.1858,56.3709,False
2026-08-23,Onion,XGBoost,54,49.6635,43.1455,56.4543,False
2026-08-24,Onion,XGBoost,55,49.0739,42.8093,56.2408,False
2026-08-25,Onion,XGBoost,56,50.124,43.1858,56.7389,False
2026-08-26,Onion,XGBoost,57,51.5754,44.643,58.3166,False
2026-08-27,Onion,XGBoost,58,50.1444,44.5156,58.3086,False
2026-08-28,Onion,XGBoost,59,52.2786,44.9909,58.9022,False
2026-08-29,Onion,XGBoost,60,52.5939,45.979,60.0078,False
2026-07-01,Onion,LSTM,1,39.2509,33.8791,45.0187,False
2026-07-02,Onion,LSTM,2,38.6999,31.1131,46.8669,False
2026-07-03,Onion,LSTM,3,38.6736,28.8934,48.1878,False
2026-07-04,Onion,LSTM,4,38.6204,26.9522,49.2315,False
2026-07-05,Onion,LSTM,5,37.6258,25.1966,50.1056,False
2026-07-06,Onion,LSTM,6,37.4331,23.5858,50.8723,False
2026-07-07,Onion,LSTM,7,37.1999,22.1092,51.5819,False
2026-07-08,Onion,LSTM,8,36.943,20.7466,52.2543,False
2026-07-09,Onion,LSTM,9,35.753,19.4838,52.9027,False
2026-07-10,Onion,LSTM,10,36.241,18.3085,53.5351,False
2026-07-11,Onion,LSTM,11,35.7311,17.2105,54.1565,False
2026-07-12,Onion,LSTM,12,35.1973,16.1811,54.7699,False
2026-07-13,Onion,LSTM,13,34.9744,15.2128,55.3773,False
2026-07-14,Onion,LSTM,14,35.0702,14.2991,55.9799,False
2026-07-15,Onion,LSTM,15,34.5091,13.4343,56.5779,False
2026-07-16,Onion,LSTM,16,34.1356,12.6131,57.1717,False
2026-07-17,Onion,LSTM,17,34.8889,11.8309,57.7608,False
2026-07-18,Onion,LSTM,18,35.2041,11.0835,58.345,False
2026-07-19,Onion,LSTM,19,34.5733,10.3721,58.9286,False
2026-07-20,Onion,LSTM,20,35.0739,9.6943,59.5123,False
2026-07-21,Onion,LSTM,21,34.4041,9.0456,60.0939,False
2026-07-22,Onion,LSTM,22,34.0489,8.4221,60.6717,False
2026-07-23,Onion,LSTM,23,33.74,7.8202,61.244,False
2026-07-24,Onion,LSTM,24,34.123,7.2369,61.8097,False
2026-07-25,Onion,LSTM,25,35.3874,6.6696,62.3678,False
2026-07-26,Onion,LSTM,26,34.4471,6.1164,62.9177,False
2026-07-27,Onion,LSTM,27,33.561,5.5757,63.459,False
2026-07-28,Onion,LSTM,28,34.5755,5.046,63.9914,False
2026-07-29,Onion,LSTM,29,34.3623,4.5263,64.5151,False
2026-07-30,Onion,LSTM,30,34.3154,4.0157,65.0301,False
2026-07-31,Onion,LSTM,31,34.225,3.5136,65.5365,False
2026-08-01,Onion,LSTM,32,34.1127,3.0193,66.0346,False
2026-08-02,Onion,LSTM,33,34.3791,2.5324,66.5248,False
2026-08-03,Onion,LSTM,34,33.5746,2.0525,67.0073,False
2026-08-04,Onion,LSTM,35,33.9487,1.5794,67.4824,False
2026-08-05,Onion,LSTM,36,34.4054,1.1128,67.9506,False
2026-08-06,Onion,LSTM,37,35.0164,0.6524,68.4122,False
2026-08-07,Onion,LSTM,38,34.8454,0.1979,68.8673,False
2026-08-08,Onion,LSTM,39,35.6241,-0.2507,69.3164,False
2026-08-09,Onion,LSTM,40,35.2656,-0.6937,69.7596,False
2026-08-10,Onion,LSTM,41,33.5519,-1.1312,70.1973,False
2026-08-11,Onion,LSTM,42,34.8842,-1.5635,70.6296,False
2026-08-12,Onion,LSTM,43,35.137,-1.9908,71.0568,False
2026-08-13,Onion,LSTM,44,34.7167,-2.4131,71.479,False
2026-08-14,Onion,LSTM,45,33.5551,-2.8306,71.8964,False
2026-08-15,Onion,LSTM,46,34.3868,-3.2435,72.3092,False
2026-08-16,Onion,LSTM,47,34.1333,-3.652,72.7176,False
2026-08-17,Onion,LSTM,48,34.7963,-4.0561,73.1216,False
2026-08-18,Onion,LSTM,49,35.2334,-4.456,73.5215,False
2026-08-19,Onion,LSTM,50,34.9499,-4.8519,73.9173,False
2026-08-20,Onion,LSTM,51,34.012,-5.2438,74.3092,False
2026-08-21,Onion,LSTM,52,35.0304,-5.6319,74.6972,False
2026-08-22,Onion,LSTM,53,34.594,-6.0162,75.0816,False
2026-08-23,Onion,LSTM,54,35.1429,-6.397,75.4623,False
2026-08-24,Onion,LSTM,55,34.4219,-6.7742,75.8396,False
2026-08-25,Onion,LSTM,56,34.6981,-7.1481,76.2134,False
2026-08-26,Onion,LSTM,57,34.5498,-7.5186,76.5839,False
2026-08-27,Onion,LSTM,58,34.4589,-7.8858,76.9512,False
2026-08-28,Onion,LSTM,59,35.4235,-8.25,77.3153,False
2026-08-29,Onion,LSTM,60,35.0785,-8.611,77.6763,False
2026-07-01,Onion,Ensemble,1,40.1972,35.7137,44.2342,True
2026-07-02,Onion,Ensemble,2,39.9925,33.6035,46.2238,True
2026-07-03,Onion,Ensemble,3,39.8245,32.1056,47.5651,True
2026-07-04,Onion,Ensemble,4,39.8765,30.7701,48.6229,True
2026-07-05,Onion,Ensemble,5,39.2593,29.5679,49.5292,True
2026-07-06,Onion,Ensemble,6,39.7446,28.4266,50.294,True
2026-07-07,Onion,Ensemble,7,39.318,27.4221,51.0422,True
2026-07-08,Onion,Ensemble,8,39.1896,26.4581,51.8035,True
2026-07-09,Onion,Ensemble,9,38.7739,25.5282,52.5052,True
2026-07-10,Onion,Ensemble,10,39.2125,24.6471,53.1548,True
2026-07-11,Onion,Ensemble,11,39.1235,23.7811,53.7412,True
2026-07-12,Onion,Ensemble,12,38.533,22.9314,54.2767,True
2026-07-13,Onion,Ensemble,13,38.1808,22.1694,54.8411,True
2026-07-14,Onion,Ensemble,14,38.3989,21.4664,55.4127,True
2026-07-15,Onion,Ensemble,15,38.189,20.8162,55.9909,True
2026-07-16,Onion,Ensemble,16,38.1652,20.1936,56.5552,True
2026-07-17,Onion,Ensemble,17,38.1476,19.5928,57.1037,True
2026-07-18,Onion,Ensemble,18,38.6644,18.9996,57.6256,True
2026-07-19,Onion,Ensemble,19,38.266,18.4413,58.1511,True
2026-07-20,Onion,Ensemble,20,38.5102,17.8971,58.6619,True
2026-07-21,Onion,Ensemble,21,38.6895,17.3934,59.1865,True
2026-07-22,Onion,Ensemble,22,37.83,16.8782,59.675,True
2026-07-23,Onion,Ensemble,23,37.5536,16.3296,60.107,True
2026-07-24,Onion,Ensemble,24,38.2132,15.7936,60.5301,True
2026-07-25,Onion,Ensemble,25,37.6946,15.2424,60.9179,True
2026-07-26,Onion,Ensemble,26,38.1621,14.6948,61.2904,True
2026-07-27,Onion,Ensemble,27,37.7198,14.2004,61.6982,True
2026-07-28,Onion,Ensemble,28,37.9342,13.7542,62.1375,True
2026-07-29,Onion,Ensemble,29,38.1137,13.3009,62.5536,True
2026-07-30,Onion,Ensemble,30,37.414,12.8607,62.9679,True
2026-07-31,Onion,Ensemble,31,37.8928,12.4317,63.379,True
2026-08-01,Onion,Ensemble,32,37.8797,11.9894,63.7631,True
2026-08-02,Onion,Ensemble,33,37.6081,11.6119,64.199,True
2026-08-03,Onion,Ensemble,34,38.1456,11.4494,64.8375,True
2026-08-04,Onion,Ensemble,35,38.1218,11.4379,65.6153,True
2026-08-05,Onion,Ensemble,36,38.6849,11.2641,66.2193,True
2026-08-06,Onion,Ensemble,37,38.8427,11.0424,66.7647,True
2026-08-07,Onion,Ensemble,38,39.4323,10.9945,67.4734,True
2026-08-08,Onion,Ensemble,39,39.9929,10.875,68.1005,True
2026-08-09,Onion,Ensemble,40,40.2922,10.8246,68.7871,True
2026-08-10,Onion,Ensemble,41,39.6285,10.5792,69.2694,True
2026-08-11,Onion,Ensemble,42,39.7438,10.2044,69.6134,True
2026-08-12,Onion,Ensemble,43,40.4776,9.9345,70.0538,True
2026-08-13,Onion,Ensemble,44,39.9702,9.6615,70.4827,True
2026-08-14,Onion,Ensemble,45,39.7579,9.3143,70.8294,True
2026-08-15,Onion,Ensemble,46,40.318,8.9825,71.1839,True
2026-08-16,Onion,Ensemble,47,40.4111,8.861,71.741,True
2026-08-17,Onion,Ensemble,48,40.4061,8.5974,72.1489,True
2026-08-18,Onion,Ensemble,49,40.9253,8.3766,72.5925,True
2026-08-19,Onion,Ensemble,50,40.4931,8.1252,72.9987,True
2026-08-20,Onion,Ensemble,51,40.2014,7.8477,73.3722,True
2026-08-21,Onion,Ensemble,52,41.0464,7.5156,73.6847,True
2026-08-22,Onion,Ensemble,53,40.5944,7.4331,74.2406,True
2026-08-23,Onion,Ensemble,54,41.1216,7.1228,74.5627,True
2026-08-24,Onion,Ensemble,55,40.6214,6.7344,74.8007,True
2026-08-25,Onion,Ensemble,56,40.7683,6.5437,75.2308,True
2026-08-26,Onion,Ensemble,57,41.5756,6.6516,75.9539,True
2026-08-27,Onion,Ensemble,58,40.6713,6.3282,76.2402,True
2026-08-28,Onion,Ensemble,59,41.9122,6.1722,76.6888,True
2026-08-29,Onion,Ensemble,60,41.8445,6.1592,77.2752,True
2026-07-01,Potato,SARIMA,1,27.3086,25.081,29.2659,True
2026-07-02,Potato,SARIMA,2,27.621,24.4152,30.2679,True
2026-07-03,Potato,SARIMA,3,27.3617,23.9387,31.0663,True
2026-07-04,Potato,SARIMA,4,27.4066,23.544,31.7656,True
2026-07-05,Potato,SARIMA,5,27.1894,23.1889,32.4066,True
2026-07-06,Potato,SARIMA,6,28.298,22.8423,32.9997,True
2026-07-07,Potato,SARIMA,7,28.1035,22.512,33.576,True
2026-07-08,Potato,SARIMA,8,28.2717,22.208,34.0907,True
2026-07-09,Potato,SARIMA,9,28.0386,21.8959,34.5944,True
2026-07-10,Potato,SARIMA,10,28.7937,21.5751,35.0887,True
2026-07-11,Potato,SARIMA,11,28.7777,21.2458,35.5745,True
2026-07-12,Potato,SARIMA,12,28.4938,20.9087,36.0521,True
2026-07-13,Potato,SARIMA,13,28.4123,20.5646,36.5218,True
2026-07-14,Potato,SARIMA,14,28.5345,20.2148,36.9835,True
2026-07-15,Potato,SARIMA,15,28.4373,19.8604,37.4374,True
2026-07-16,Potato,SARIMA,16,28.7557,19.5026,37.8832,True
2026-07-17,Potato,SARIMA,17,28.5808,19.1424,38.321,True
2026-07-18,Potato,SARIMA,18,29.0145,18.781,38.7507,True
2026-07-19,Potato,SARIMA,19,28.7302,18.4192,39.1723,True
2026-07-20,Potato,SARIMA,20,28.7582,18.0581,39.5858,True
2026-07-21,Potato,SARIMA,21,29.4098,17.6982,39.9912,True
2026-07-22,Potato,SARIMA,22,28.6772,17.3404,40.3887,True
2026-07-23,Potato,SARIMA,23,28.4143,16.9851,40.7783,True
2026-07-24,Potato,SARIMA,24,29.0722,16.6328,41.1601,True
2026-07-25,Potato,SARIMA,25,28.2723,16.284,41.5343,True
2026-07-26,Potato,SARIMA,26,29.0619,15.939,41.9012,True
2026-07-27,Potato,SARIMA,27,29.3098,15.598,42.2608,True
2026-07-28,Potato,SARIMA,28,29.0146,15.2613,42.6134,True
2026-07-29,Potato,SARIMA,29,29.0011,14.9289,42.9592,True
2026-07-30,Potato,SARIMA,30,28.3219,14.601,43.2985,True
2026-07-31,Potato,SARIMA,31,29.1931,14.2777,43.6314,True
2026-08-01,Potato,SARIMA,32,29.1443,13.959,43.9581,True
2026-08-02,Potato,SARIMA,33,28.6262,13.6449,44.2789,True
2026-08-03,Potato,SARIMA,34,29.6547,13.3353,44.594,True
2026-08-04,Potato,SARIMA,35,28.6139,13.0303,44.9036,True
2026-08-05,Potato,SARIMA,36,28.4644,12.7297,45.2079,True
2026-08-06,Potato,SARIMA,37,28.4221,12.4335,45.5072,True
2026-08-07,Potato,SARIMA,38,29.0341,12.1416,45.8015,True
2026-08-08,Potato,SARIMA,39,29.1388,11.8539,46.0911,True
2026-08-09,Potato,SARIMA,40,29.1738,11.5704,46.3762,True
2026-08-10,Potato,SARIMA,41,28.9156,11.2908,46.6569,True
2026-08-11,Potato,SARIMA,42,28.7581,11.0152,46.9334,True
2026-08-12,Potato,SARIMA,43,29.3088,10.7434,47.2059,True
2026-08-13,Potato,SARIMA,44,28.7304,10.4753,47.4745,True
2026-08-14,Potato,SARIMA,45,28.6267,10.2107,47.7394,True
2026-08-15,Potato,SARIMA,46,29.495,9.9496,48.0006,True
2026-08-16,Potato,SARIMA,47,29.0882,9.692,48.2584,True
2026-08-17,Potato,SARIMA,48,29.1858,9.4375,48.5129,True
2026-08-18,Potato,SARIMA,49,29.2372,9.1863,48.7641,True
2026-08-19,Potato,SARIMA,50,28.839,8.9381,49.0122,True
2026-08-20,Potato,SARIMA,51,28.8519,8.6929,49.2573,True
2026-08-21,Potato,SARIMA,52,29.242,8.4506,49.4995,True
2026-08-22,Potato,SARIMA,53,28.8237,8.211,49.7389,True
2026-08-23,Potato,SARIMA,54,29.1405,7.9742,49.9756,True
2026-08-24,Potato,SARIMA,55,28.999,7.74,50.2096,True
2026-08-25,Potato,SARIMA,56,28.6316,7.5084,50.4411,True
2026-08-26,Potato,SARIMA,57,29.3499,7.2792,50.6701,True
2026-08-27,Potato,SARIMA,58,28.5998,7.0524,50.8968,True
2026-08-28,Potato,SARIMA,59,29.1059,6.8279,51.1211,True
2026-08-29,Potato,SARIMA,60,29.0507,6.6057,51.3431,True
2026-07-01,Potato,XGBoost,1,27.4594,26.6782,27.4594,False
2026-07-02,Potato,XGBoost,2,26.9646,26.4135,27.5183,False
2026-07-03,Potato,XGBoost,3,26.9815,26.2318,27.5848,False
2026-07-04,Potato,XGBoost,4,27.5289,26.4052,27.9675,False
2026-07-05,Potato,XGBoost,5,27.7142,26.6021,28.3489,False
2026-07-06,Potato,XGBoost,6,28.412,27.2981,29.2115,False
2026-07-07,Potato,XGBoost,7,29.4455,28.5735,30.6403,False
2026-07-08,Potato,XGBoost,8,30.9756,30.245,32.4545,False
2026-07-09,Potato,XGBoost,9,31.8434,30.5819,32.9254,False
2026-07-10,Potato,XGBoost,10,31.3378,30.3082,32.7785,False
2026-07-11,Potato,XGBoost,11,31.4132,29.8781,32.469,False
2026-07-12,Potato,XGBoost,12,30.4116,29.0237,31.7297,False
2026-07-13,Potato,XGBoost,13,30.2523,29.1272,31.9437,False
2026-07-14,Potato,XGBoost,14,30.6251,29.11,32.0328,False
2026-07-15,Potato,XGBoost,15,30.8368,29.1237,32.1491,False
2026-07-16,Potato,XGBoost,16,31.1051,29.5191,32.6437,False
2026-07-17,Potato,XGBoost,17,30.8754,29.5606,32.7814,False
2026-07-18,Potato,XGBoost,18,30.9655,29.2565,32.5707,False
2026-07-19,Potato,XGBoost,19,31.1111,29.3253,32.7303,False
2026-07-20,Potato,XGBoost,20,30.942,28.9566,32.45,False
2026-07-21,Potato,XGBoost,21,30.9643,28.9697,32.5494,False
2026-07-22,Potato,XGBoost,22,30.8592,29.3645,33.0285,False
2026-07-23,Potato,XGBoost,23,31.4564,29.7842,33.5305,False
2026-07-24,Potato,XGBoost,24,32.2949,30.2155,34.0423,False
2026-07-25,Potato,XGBoost,25,31.8942,30.5411,34.4469,False
2026-07-26,Potato,XGBoost,26,32.9643,30.7497,34.7328,False
2026-07-27,Potato,XGBoost,27,32.6673,30.9523,35.0113,False
2026-07-28,Potato,XGBoost,28,33.0524,31.1613,35.2948,False
2026-07-29,Potato,XGBoost,29,33.9789,31.431,35.6377,False
2026-07-30,Potato,XGBoost,30,33.9574,31.8749,36.1535,False
2026-07-31,Potato,XGBoost,31,34.524,32.4851,36.8344,False
2026-08-01,Potato,XGBoost,32,35.2486,32.9809,37.3998,False
2026-08-02,Potato,XGBoost,33,36.2468,34.0697,38.5571,False
2026-08-03,Potato,XGBoost,34,36.7009,34.6669,39.2218,False
2026-08-04,Potato,XGBoost,35,37.387,35.0286,39.65,False
2026-08-05,Potato,XGBoost,36,38.3372,35.3187,40.0056,False
2026-08-06,Potato,XGBoost,37,38.3367,35.6905,40.4421,False
2026-08-07,Potato,XGBoost,38,38.7196,36.2017,41.0171,False
2026-08-08,Potato,XGBoost,39,38.9786,36.4893,41.3676,False
2026-08-09,Potato,XGBoost,40,39.7082,37.0081,41.9486,False
2026-08-10,Potato,XGBoost,41,40.2038,37.5308,42.5326,False
2026-08-11,Potato,XGBoost,42,40.5912,38.3801,43.4426,False
2026-08-12,Potato,XGBoost,43,41.9823,39.2879,44.4103,False
2026-08-13,Potato,XGBoost,44,42.7221,40.1493,45.3309,False
2026-08-14,Potato,XGBoost,45,44.3469,41.1917,46.4319,False
2026-08-15,Potato,XGBoost,46,43.8856,41.3421,46.6402,False
2026-08-16,Potato,XGBoost,47,43.9623,40.9038,46.2591,False
2026-08-17,Potato,XGBoost,48,43.386,41.0996,46.5116,False
2026-08-18,Potato,XGBoost,49,43.6618,40.8591,46.3272,False
2026-08-19,Potato,XGBoost,50,42.9486,40.4587,45.9824,False
2026-08-20,Potato,XGBoost,51,42.7298,40.2675,45.8461,False
2026-08-21,Potato,XGBoost,52,44.3529,41.3106,46.9436,False
2026-08-22,Potato,XGBoost,53,44.4819,42.0006,47.6876,False
2026-08-23,Potato,XGBoost,54,45.4419,42.653,48.3933,False
2026-08-24,Potato,XGBoost,55,45.9305,43.3026,49.0958,False
2026-08-25,Potato,XGBoost,56,46.6887,43.6696,49.5153,False
2026-08-26,Potato,XGBoost,57,46.8212,43.8155,49.7131,False
2026-08-27,Potato,XGBoost,58,45.5347,43.3152,49.2643,False
2026-08-28,Potato,XGBoost,59,46.2739,43.076,49.0762,False
2026-08-29,Potato,XGBoost,60,45.8754,43.088,49.1388,False
2026-07-01,Potato,LSTM,1,26.6234,23.0085,30.4743,False
2026-07-02,Potato,LSTM,2,26.3401,21.2337,31.792,False
2026-07-03,Potato,LSTM,3,26.3124,19.7676,32.6988,False
2026-07-04,Potato,LSTM,4,26.2479,18.4673,33.3989,False
2026-07-05,Potato,LSTM,5,25.6045,17.2726,33.9667,False
2026-07-06,Potato,LSTM,6,25.418,16.1527,34.4402,False
2026-07-07,Potato,LSTM,7,25.1788,15.0914,34.8442,False
2026-07-08,Potato,LSTM,8,24.9019,14.08,35.1965,False
2026-07-09,Potato,LSTM,9,24.0505,13.114,35.5115,False
2026-07-10,Potato,LSTM,10,24.1861,12.1914,35.8005,False
2026-07-11,Potato,LSTM,11,23.7201,11.3111,36.0725,False
2026-07-12,Potato,LSTM,12,23.238,10.4725,36.3349,False
2026-07-13,Potato,LSTM,13,22.9494,9.6812,36.5996,False
2026-07-14,Potato,LSTM,14,22.8667,8.9406,36.8753,False
2026-07-15,Potato,LSTM,15,22.4087,8.2472,37.1623,False
2026-07-16,Potato,LSTM,16,22.0797,7.5988,37.4622,False
2026-07-17,Potato,LSTM,17,22.4389,6.9922,37.7747,False
2026-07-18,Potato,LSTM,18,22.5531,6.4239,38.0988,False
2026-07-19,Potato,LSTM,19,22.1161,5.8906,38.4334,False
2026-07-20,Potato,LSTM,20,22.3634,5.3889,38.7772,False
2026-07-21,Potato,LSTM,21,21.9233,4.9156,39.1284,False
2026-07-22,Potato,LSTM,22,21.6799,4.4677,39.4856,False
2026-07-23,Potato,LSTM,23,21.4726,4.0419,39.8469,False
2026-07-24,Potato,LSTM,24,21.6849,3.6358,40.2108,False
2026-07-25,Potato,LSTM,25,22.4288,3.2467,40.5759,False
2026-07-26,Potato,LSTM,26,21.8649,2.8723,40.9408,False
2026-07-27,Potato,LSTM,27,21.3379,2.5108,41.3044,False
2026-07-28,Potato,LSTM,28,21.9467,2.1601,41.6656,False
2026-07-29,Potato,LSTM,29,21.8269,1.8189,42.0237,False
2026-07-30,Potato,LSTM,30,21.8082,1.4857,42.3778,False
2026-07-31,Potato,LSTM,31,21.7648,1.1595,42.7276,False
2026-08-01,Potato,LSTM,32,21.7092,0.8393,43.0725,False
2026-08-02,Potato,LSTM,33,21.8793,0.5244,43.4124,False
2026-08-03,Potato,LSTM,34,21.4114,0.214,43.7469,False
2026-08-04,Potato,LSTM,35,21.6451,-0.0923,44.0762,False
2026-08-05,Potato,LSTM,36,21.9273,-0.3949,44.4001,False
2026-08-06,Potato,LSTM,37,22.3006,-0.6942,44.7187,False
2026-08-07,Potato,LSTM,38,22.2072,-0.9904,45.0322,False
2026-08-08,Potato,LSTM,39,22.6785,-1.2836,45.3406,False
2026-08-09,Potato,LSTM,40,22.4715,-1.574,45.6441,False
2026-08-10,Potato,LSTM,41,21.4562,-1.8618,45.943,False
2026-08-11,Potato,LSTM,42,22.2544,-2.1469,46.2373,False
2026-08-12,Potato,LSTM,43,22.4088,-2.4294,46.5274,False
2026-08-13,Potato,LSTM,44,22.1615,-2.7094,46.8134,False
2026-08-14,Potato,LSTM,45,21.4719,-2.9868,47.0956,False
2026-08-15,Potato,LSTM,46,21.9692,-3.2618,47.374,False
2026-08-16,Potato,LSTM,47,21.8194,-3.5342,47.649,False
2026-08-17,Potato,LSTM,48,22.2152,-3.8042,47.9207,False
2026-08-18,Potato,LSTM,49,22.4761,-4.0717,48.1891,False
2026-08-19,Potato,LSTM,50,22.3074,-4.3368,48.4546,False
2026-08-20,Potato,LSTM,51,21.7487,-4.5995,48.7173,False
2026-08-21,Potato,LSTM,52,22.3552,-4.8598,48.9772,False
2026-08-22,Potato,LSTM,53,22.0949,-5.1177,49.2345,False
2026-08-23,Potato,LSTM,54,22.4215,-5.3732,49.4893,False
2026-08-24,Potato,LSTM,55,21.9916,-5.6265,49.7417,False
2026-08-25,Potato,LSTM,56,22.1557,-5.8775,49.9918,False
2026-08-26,Potato,LSTM,57,22.0669,-6.1263,50.2396,False
2026-08-27,Potato,LSTM,58,22.0123,-6.3729,50.4853,False
2026-08-28,Potato,LSTM,59,22.5864,-6.6173,50.7289,False
2026-08-29,Potato,LSTM,60,22.3805,-6.8597,50.9704,False
2026-07-01,Potato,Ensemble,1,27.1421,24.8825,29.1477,False
2026-07-02,Potato,Ensemble,2,27.059,23.9893,29.9929,False
2026-07-03,Potato,Ensemble,3,26.9435,23.2929,30.6283,False
2026-07-04,Potato,Ensemble,4,27.0897,22.7768,31.2433,False
2026-07-05,Potato,Ensemble,5,26.8514,22.3159,31.7928,False
2026-07-06,Potato,Ensemble,6,27.4594,22.0146,32.4219,False
2026-07-07,Potato,Ensemble,7,27.5796,21.8929,33.174,False
2026-07-08,Potato,Ensemble,8,27.9775,21.9035,33.987,False
2026-07-09,Potato,Ensemble,9,27.8521,21.5675,34.4251,False
2026-07-10,Potato,Ensemble,10,28.0833,21.0777,34.686,False
2026-07-11,Potato,Ensemble,11,27.956,20.5552,34.8947,False
2026-07-12,Potato,Ensemble,12,27.4204,19.9285,34.9821,False
2026-07-13,Potato,Ensemble,13,27.2556,19.5691,35.3216,False
2026-07-14,Potato,Ensemble,14,27.383,19.1903,35.6276,False
2026-07-15,Potato,Ensemble,15,27.2595,18.832,35.9409,False
2026-07-16,Potato,Ensemble,16,27.3691,18.5878,36.3557,False
2026-07-17,Potato,Ensemble,17,27.3407,18.2606,36.6755,False
2026-07-18,Potato,Ensemble,18,27.5862,17.8521,36.9021,False
2026-07-19,Potato,Ensemble,19,27.3707,17.5536,37.2275,False
2026-07-20,Potato,Ensemble,20,27.4122,17.148,37.4345,False
2026-07-21,Potato,Ensemble,21,27.5661,16.8537,37.7417,False
2026-07-22,Potato,Ensemble,22,27.1489,16.6698,38.1488,False
2026-07-23,Potato,Ensemble,23,27.1327,16.5004,38.5599,False
2026-07-24,Potato,Ensemble,24,27.7043,16.3413,38.9711,False
2026-07-25,Potato,Ensemble,25,27.477,16.1606,39.3507,False
2026-07-26,Potato,Ensemble,26,27.9332,15.9547,39.6953,False
2026-07-27,Potato,Ensemble,27,27.8016,15.7528,40.0345,False
2026-07-28,Potato,Ensemble,28,27.961,15.5577,40.3712,False
2026-07-29,Potato,Ensemble,29,28.1667,15.3836,40.7199,False
2026-07-30,Potato,Ensemble,30,27.8626,15.2605,41.1109,False
2026-07-31,Potato,Ensemble,31,28.3764,15.1858,41.5419,False
2026-08-01,Potato,Ensemble,32,28.5322,15.0843,41.9379,False
2026-08-02,Potato,Ensemble,33,28.6271,15.1449,42.488,False
2026-08-03,Potato,Ensemble,34,29.0505,15.0775,42.9025,False
2026-08-04,Potato,Ensemble,35,28.8559,14.9503,43.2497,False
2026-08-05,Potato,Ensemble,36,29.1307,14.807,43.5736,False
2026-08-06,Potato,Ensemble,37,29.2249,14.6884,43.9154,False
2026-08-07,Potato,Ensemble,38,29.5629,14.6099,44.2905,False
2026-08-08,Potato,Ensemble,39,29.8194,14.4743,44.6021,False
2026-08-09,Potato,Ensemble,40,29.967,14.4031,44.9718,False
2026-08-10,Potato,Ensemble,41,29.6819,14.3355,45.3391,False
2026-08-11,Potato,Ensemble,42,29.9584,14.3578,45.7903,False
2026-08-12,Potato,Ensemble,43,30.6141,14.398,46.2539,False
2026-08-13,Potato,Ensemble,44,30.488,14.4282,46.7021,False
2026-08-14,Potato,Ensemble,45,30.6695,14.5091,47.1956,False
2026-08-15,Potato,Ensemble,46,31.0704,14.3538,47.4479,False
2026-08-16,Potato,Ensemble,47,30.8704,14.0434,47.5401,False
2026-08-17,Potato,Ensemble,48,30.8779,13.9046,47.7992,False
2026-08-18,Potato,Ensemble,49,31.0525,13.6513,47.9392,False
2026-08-19,Potato,Ensemble,50,30.6394,13.3574,48.0341,False
2026-08-20,Potato,Ensemble,51,30.4178,13.1213,48.1826,False
2026-08-21,Potato,Ensemble,52,31.2028,13.2172,48.6587,False
2026-08-22,Potato,Ensemble,53,30.9785,13.2206,49.0384,False
2026-08-23,Potato,Ensemble,54,31.4702,13.2158,49.4059,False
2026-08-24,Potato,Ensemble,55,31.4101,13.212,49.7707,False
2026-08-25,Potato,Ensemble,56,31.5039,13.1346,50.058,False
2026-08-26,Potato,Ensemble,57,31.8221,12.9997,50.2844,False
2026-08-27,Potato,Ensemble,58,31.1385,12.6939,50.3363,False
2026-08-28,Potato,Ensemble,59,31.7274,12.4594,50.4561,False
2026-08-29,Potato,Ensemble,60,31.535,12.2937,50.6415,False
2026-07-01,Soybean Oil,SARIMA,1,190.1301,187.8637,192.1891,True
2026-07-02,Soybean Oil,SARIMA,2,190.2908,187.0793,193.0733,True
2026-07-03,Soybean Oil,SARIMA,3,189.9557,186.3456,193.7818,True
2026-07-04,Soybean Oil,SARIMA,4,189.8885,185.7458,194.4123,True
2026-07-05,Soybean Oil,SARIMA,5,189.6163,185.2521,194.9145,True
2026-07-06,Soybean Oil,SARIMA,6,190.3662,184.7916,195.362,True
2026-07-07,Soybean Oil,SARIMA,7,190.1225,184.352,195.8017,True
2026-07-08,Soybean Oil,SARIMA,8,190.1799,183.9059,196.2661,True
2026-07-09,Soybean Oil,SARIMA,9,189.9242,183.4922,196.6734,True
2026-07-10,Soybean Oil,SARIMA,10,190.4321,183.0907,197.0645,True
2026-07-11,Soybean Oil,SARIMA,11,190.3633,182.7137,197.4484,True
2026-07-12,Soybean Oil,SARIMA,12,190.0939,182.3617,197.8054,True
2026-07-13,Soybean Oil,SARIMA,13,189.9802,182.0214,198.1399,True
2026-07-14,Soybean Oil,SARIMA,14,190.0301,181.6919,198.4677,True
2026-07-15,Soybean Oil,SARIMA,15,189.9195,181.3781,198.7858,True
2026-07-16,Soybean Oil,SARIMA,16,190.1301,181.0761,199.0878,True
2026-07-17,Soybean Oil,SARIMA,17,189.9647,180.7816,199.3795,True
2026-07-18,Soybean Oil,SARIMA,18,190.2718,180.4962,199.6655,True
2026-07-19,Soybean Oil,SARIMA,19,190.0314,180.2206,199.9428,True
2026-07-20,Soybean Oil,SARIMA,20,190.0323,179.952,200.2106,True
2026-07-21,Soybean Oil,SARIMA,21,190.5146,179.6895,200.4722,True
2026-07-22,Soybean Oil,SARIMA,22,189.9374,179.434,200.7285,True
2026-07-23,Soybean Oil,SARIMA,23,189.7226,179.1849,200.978,True
2026-07-24,Soybean Oil,SARIMA,24,190.216,178.9409,201.2214,True
2026-07-25,Soybean Oil,SARIMA,25,189.5921,178.702,201.4602,True
2026-07-26,Soybean Oil,SARIMA,26,190.1902,178.4683,201.6942,True
2026-07-27,Soybean Oil,SARIMA,27,190.3732,178.2393,201.9232,True
2026-07-28,Soybean Oil,SARIMA,28,190.1404,178.0143,202.1479,True
2026-07-29,Soybean Oil,SARIMA,29,190.125,177.7936,202.3687,True
2026-07-30,Soybean Oil,SARIMA,30,189.5993,177.5769,202.5856,True
2026-07-31,Soybean Oil,SARIMA,31,190.2643,177.3638,202.7986,True
2026-08-01,Soybean Oil,SARIMA,32,190.2237,177.1542,203.0082,True
2026-08-02,Soybean Oil,SARIMA,33,189.8235,176.9479,203.2145,True
2026-08-03,Soybean Oil,SARIMA,34,190.611,176.7449,203.4175,True
2026-08-04,Soybean Oil,SARIMA,35,189.8102,176.5449,203.6175,True
2026-08-05,Soybean Oil,SARIMA,36,189.694,176.3477,203.8146,True
2026-08-06,Soybean Oil,SARIMA,37,189.6604,176.1535,204.009,True
2026-08-07,Soybean Oil,SARIMA,38,190.1292,175.9618,204.2006,True
2026-08-08,Soybean Oil,SARIMA,39,190.2088,175.7727,204.3896,True
2026-08-09,Soybean Oil,SARIMA,40,190.2352,175.5861,204.5763,True
2026-08-10,Soybean Oil,SARIMA,41,190.0365,175.4019,204.7605,True
2026-08-11,Soybean Oil,SARIMA,42,189.9152,175.2199,204.9424,True
2026-08-12,Soybean Oil,SARIMA,43,190.3377,175.0402,205.1222,True
2026-08-13,Soybean Oil,SARIMA,44,189.8935,174.8626,205.2998,True
2026-08-14,Soybean Oil,SARIMA,45,189.8138,174.687,205.4754,True
2026-08-15,Soybean Oil,SARIMA,46,190.4803,174.5134,205.649,True
2026-08-16,Soybean Oil,SARIMA,47,190.1679,174.3417,205.8207,True
2026-08-17,Soybean Oil,SARIMA,48,190.2429,174.1719,205.9905,True
2026-08-18,Soybean Oil,SARIMA,49,190.2824,174.0039,206.1585,True
2026-08-19,Soybean Oil,SARIMA,50,189.9767,173.8376,206.3248,True
2026-08-20,Soybean Oil,SARIMA,51,189.9866,173.6729,206.4895,True
2026-08-21,Soybean Oil,SARIMA,52,190.2861,173.51,206.6524,True
2026-08-22,Soybean Oil,SARIMA,53,189.9651,173.3486,206.8138,True
2026-08-23,Soybean Oil,SARIMA,54,190.2084,173.1887,206.9737,True
2026-08-24,Soybean Oil,SARIMA,55,190.0998,173.0304,207.132,True
2026-08-25,Soybean Oil,SARIMA,56,189.8178,172.8735,207.2889,True
2026-08-26,Soybean Oil,SARIMA,57,190.3693,172.718,207.4444,True
2026-08-27,Soybean Oil,SARIMA,58,189.7935,172.5639,207.5985,True
2026-08-28,Soybean Oil,SARIMA,59,190.1821,172.4112,207.7512,True
2026-08-29,Soybean Oil,SARIMA,60,190.1397,172.2597,207.9027,True
2026-07-01,Soybean Oil,XGBoost,1,190.406,189.6882,190.4399,False
2026-07-02,Soybean Oil,XGBoost,2,190.2039,189.6735,190.7365,False
2026-07-03,Soybean Oil,XGBoost,3,190.2948,189.5876,190.8895,False
2026-07-04,Soybean Oil,XGBoost,4,190.5027,189.4881,190.9915,False
2026-07-05,Soybean Oil,XGBoost,5,190.3742,189.3505,191.0313,False
2026-07-06,Soybean Oil,XGBoost,6,190.2642,189.2229,191.0641,False
2026-07-07,Soybean Oil,XGBoost,7,189.9569,189.0864,191.0752,False
2026-07-08,Soybean Oil,XGBoost,8,189.784,189.0082,191.1342,False
2026-07-09,Soybean Oil,XGBoost,9,190.0825,188.8862,191.1412,False
2026-07-10,Soybean Oil,XGBoost,10,189.7836,188.753,191.13,False
2026-07-11,Soybean Oil,XGBoost,11,189.9835,188.553,191.046,False
2026-07-12,Soybean Oil,XGBoost,12,189.2875,187.9588,190.5627,False
2026-07-13,Soybean Oil,XGBoost,13,189.1031,187.9654,190.6756,False
2026-07-14,Soybean Oil,XGBoost,14,189.7902,188.3428,191.1553,False
2026-07-15,Soybean Oil,XGBoost,15,189.9124,188.3029,191.2141,False
2026-07-16,Soybean Oil,XGBoost,16,189.7268,188.2053,191.212,False
2026-07-17,Soybean Oil,XGBoost,17,189.295,187.9722,191.0715,False
2026-07-18,Soybean Oil,XGBoost,18,189.3474,187.713,190.9021,False
2026-07-19,Soybean Oil,XGBoost,19,188.6518,186.9496,190.2261,False
2026-07-20,Soybean Oil,XGBoost,20,188.8301,186.9661,190.3277,False
2026-07-21,Soybean Oil,XGBoost,21,189.2524,187.3729,190.8175,False
2026-07-22,Soybean Oil,XGBoost,22,189.1374,187.6335,191.1592,False
2026-07-23,Soybean Oil,XGBoost,23,189.0733,187.4251,191.03,False
2026-07-24,Soybean Oil,XGBoost,24,189.8885,187.9198,191.6023,False
2026-07-25,Soybean Oil,XGBoost,25,189.3331,187.9144,191.6728,False
2026-07-26,Soybean Oil,XGBoost,26,189.8848,187.7972,191.63,False
2026-07-27,Soybean Oil,XGBoost,27,189.383,187.6716,191.5774,False
2026-07-28,Soybean Oil,XGBoost,28,189.5636,187.7096,191.6871,False
2026-07-29,Soybean Oil,XGBoost,29,190.162,187.7968,191.8447,False
2026-07-30,Soybean Oil,XGBoost,30,189.9087,187.8938,192.0109,False
2026-07-31,Soybean Oil,XGBoost,31,189.8917,187.9033,192.0884,False
2026-08-01,Soybean Oil,XGBoost,32,190.0884,187.9176,192.1698,False
2026-08-02,Soybean Oil,XGBoost,33,189.9669,187.859,192.177,False
2026-08-03,Soybean Oil,XGBoost,34,189.8063,187.8017,192.1847,False
2026-08-04,Soybean Oil,XGBoost,35,189.9982,187.7381,192.185,False
2026-08-05,Soybean Oil,XGBoost,36,190.4075,187.6342,192.1442,False
2026-08-06,Soybean Oil,XGBoost,37,190.1711,187.6774,192.2497,False
2026-08-07,Soybean Oil,XGBoost,38,190.1444,187.743,192.3766,False
2026-08-08,Soybean Oil,XGBoost,39,190.1959,187.8103,192.5045,False
2026-08-09,Soybean Oil,XGBoost,40,190.4112,187.8577,192.6117,False
2026-08-10,Soybean Oil,XGBoost,41,190.4174,187.8787,192.6918,False
2026-08-11,Soybean Oil,XGBoost,42,190.0248,187.8349,192.7063,False
2026-08-12,Soybean Oil,XGBoost,43,190.2548,187.688,192.6171,False
2026-08-13,Soybean Oil,XGBoost,44,189.9745,187.4953,192.4813,False
2026-08-14,Soybean Oil,XGBoost,45,190.1369,187.2049,192.2473,False
2026-08-15,Soybean Oil,XGBoost,46,189.2806,186.8125,191.9106,False
2026-08-16,Soybean Oil,XGBoost,47,189.6835,186.8145,191.9677,False
2026-08-17,Soybean Oil,XGBoost,48,189.2676,186.9859,192.1936,False
2026-08-18,Soybean Oil,XGBoost,49,189.7418,187.0582,192.32,False
2026-08-19,Soybean Oil,XGBoost,50,189.5601,187.1113,192.4264,False
2026-08-20,Soybean Oil,XGBoost,51,189.6102,187.1773,192.5453,False
2026-08-21,Soybean Oil,XGBoost,52,190.2794,187.3959,192.8163,False
2026-08-22,Soybean Oil,XGBoost,53,189.9767,187.5186,192.9909,False
2026-08-23,Soybean Oil,XGBoost,54,190.3267,187.6273,193.151,False
2026-08-24,Soybean Oil,XGBoost,55,190.1523,187.5714,193.1459,False
2026-08-25,Soybean Oil,XGBoost,56,190.4255,187.5391,193.1641,False
2026-08-26,Soybean Oil,XGBoost,57,190.4449,187.5637,193.2387,False
2026-08-27,Soybean Oil,XGBoost,58,189.9301,187.6476,193.3721,False
2026-08-28,Soybean Oil,XGBoost,59,190.7154,187.6767,193.4504,False
2026-08-29,Soybean Oil,XGBoost,60,190.4406,187.7121,193.5345,False
2026-07-01,Soybean Oil,LSTM,1,189.1671,185.3766,193.1386,False
2026-07-02,Soybean Oil,LSTM,2,189.1375,183.7816,194.7587,False
2026-07-03,Soybean Oil,LSTM,3,189.2907,182.5077,195.9519,False
2026-07-04,Soybean Oil,LSTM,4,189.3937,181.39,196.914,False
2026-07-05,Soybean Oil,LSTM,5,189.0372,180.3706,197.727,False
2026-07-06,Soybean Oil,LSTM,6,189.0229,179.4231,198.4361,False
2026-07-07,Soybean Oil,LSTM,7,188.9632,178.533,199.0693,False
2026-07-08,Soybean Oil,LSTM,8,188.8706,177.6911,199.6454,False
2026-07-09,Soybean Oil,LSTM,9,188.3326,176.891,200.177,False
2026-07-10,Soybean Oil,LSTM,10,188.5462,176.1274,200.673,False
2026-07-11,Soybean Oil,LSTM,11,188.2901,175.3965,201.1401,False
2026-07-12,Soybean Oil,LSTM,12,188.0117,174.6947,201.583,False
2026-07-13,Soybean Oil,LSTM,13,187.8657,174.0192,202.0055,False
2026-07-14,Soybean Oil,LSTM,14,187.8574,173.3678,202.4105,False
2026-07-15,Soybean Oil,LSTM,15,187.5424,172.7386,202.8007,False
2026-07-16,Soybean Oil,LSTM,16,187.3073,172.1294,203.1774,False
2026-07-17,Soybean Oil,LSTM,17,187.5828,171.5384,203.5419,False
2026-07-18,Soybean Oil,LSTM,18,187.654,170.9643,203.8957,False
2026-07-19,Soybean Oil,LSTM,19,187.2874,170.4058,204.2395,False
2026-07-20,Soybean Oil,LSTM,20,187.4332,169.8617,204.5744,False
2026-07-21,Soybean Oil,LSTM,21,187.0403,169.3311,204.901,False
2026-07-22,Soybean Oil,LSTM,22,186.7889,168.8131,205.2201,False
2026-07-23,Soybean Oil,LSTM,23,186.5574,168.307,205.5322,False
2026-07-24,Soybean Oil,LSTM,24,186.6419,167.812,205.8379,False
2026-07-25,Soybean Oil,LSTM,25,187.1299,167.3276,206.1376,False
2026-07-26,Soybean Oil,LSTM,26,186.6107,166.8534,206.432,False
2026-07-27,Soybean Oil,LSTM,27,186.1179,166.389,206.7215,False
2026-07-28,Soybean Oil,LSTM,28,186.496,165.9336,207.0063,False
2026-07-29,Soybean Oil,LSTM,29,186.3144,165.487,207.2867,False
2026-07-30,Soybean Oil,LSTM,30,186.2109,165.0487,207.5629,False
2026-07-31,Soybean Oil,LSTM,31,186.0895,164.6182,207.8352,False
2026-08-01,Soybean Oil,LSTM,32,185.96,164.1952,208.1037,False
2026-08-02,Soybean Oil,LSTM,33,186.0056,163.7793,208.3686,False
2026-08-03,Soybean Oil,LSTM,34,185.5633,163.3703,208.6301,False
2026-08-04,Soybean Oil,LSTM,35,185.6618,162.9678,208.8884,False
2026-08-05,Soybean Oil,LSTM,36,185.7999,162.5717,209.1437,False
2026-08-06,Soybean Oil,LSTM,37,186.0102,162.1817,209.3961,False
2026-08-07,Soybean Oil,LSTM,38,185.8646,161.7975,209.6457,False
2026-08-08,Soybean Oil,LSTM,39,186.1549,161.419,209.8927,False
2026-08-09,Soybean Oil,LSTM,40,185.9266,161.046,210.1371,False
2026-08-10,Soybean Oil,LSTM,41,185.08,160.6781,210.3792,False
2026-08-11,Soybean Oil,LSTM,42,185.6278,160.3154,210.6189,False
2026-08-12,Soybean Oil,LSTM,43,185.6832,159.9576,210.8564,False
2026-08-13,Soybean Oil,LSTM,44,185.4322,159.6045,211.0918,False
2026-08-14,Soybean Oil,LSTM,45,184.8434,159.256,211.3251,False
2026-08-15,Soybean Oil,LSTM,46,185.1674,158.912,211.5564,False
2026-08-16,Soybean Oil,LSTM,47,184.9964,158.5723,211.7858,False
2026-08-17,Soybean Oil,LSTM,48,185.2456,158.2367,212.0134,False
2026-08-18,Soybean Oil,LSTM,49,185.3927,157.9053,212.2392,False
2026-08-19,Soybean Oil,LSTM,50,185.2113,157.5777,212.4633,False
2026-08-20,Soybean Oil,LSTM,51,184.7318,157.254,212.6858,False
2026-08-21,Soybean Oil,LSTM,52,185.148,156.9341,212.9066,False
2026-08-22,Soybean Oil,LSTM,53,184.8999,156.6177,213.1259,False
2026-08-23,Soybean Oil,LSTM,54,185.1034,156.3049,213.3437,False
2026-08-24,Soybean Oil,LSTM,55,184.7272,155.9955,213.5601,False
2026-08-25,Soybean Oil,LSTM,56,184.8079,155.6895,213.775,False
2026-08-26,Soybean Oil,LSTM,57,184.6955,155.3867,213.9885,False
2026-08-27,Soybean Oil,LSTM,58,184.6102,155.0871,214.2007,False
2026-08-28,Soybean Oil,LSTM,59,185.0085,154.7906,214.4116,False
2026-08-29,Soybean Oil,LSTM,60,184.8088,154.4971,214.6213,False
2026-07-01,Soybean Oil,Ensemble,1,190.0852,188.0761,191.7972,False
2026-07-02,Soybean Oil,Ensemble,2,190.1139,187.4126,192.6045,False
2026-07-03,Soybean Oil,Ensemble,3,189.9686,186.7993,193.2126,False
2026-07-04,Soybean Oil,Ensemble,4,190.0049,186.2792,193.7305,False
2026-07-05,Soybean Oil,Ensemble,5,189.7641,185.8217,194.1371,False
2026-07-06,Soybean Oil,Ensemble,6,190.1599,185.3955,194.4964,False
2026-07-07,Soybean Oil,Ensemble,7,189.9215,184.9864,194.835,False
2026-07-08,Soybean Oil,Ensemble,8,189.8913,184.5969,195.1944,False
2026-07-09,Soybean Oil,Ensemble,9,189.7621,184.2186,195.4998,False
2026-07-10,Soybean Oil,Ensemble,10,189.9933,183.8489,195.7859,False
2026-07-11,Soybean Oil,Ensemble,11,189.9792,183.4777,196.0426,False
2026-07-12,Soybean Oil,Ensemble,12,189.5827,183.0083,196.1628,False
2026-07-13,Soybean Oil,Ensemble,13,189.4439,182.7264,196.4434,False
2026-07-14,Soybean Oil,Ensemble,14,189.6743,182.5634,196.8261,False
2026-07-15,Soybean Oil,Ensemble,15,189.6056,182.2891,197.0771,False
2026-07-16,Soybean Oil,Ensemble,16,189.6408,182.0071,197.2992,False
2026-07-17,Soybean Oil,Ensemble,17,189.4545,181.6919,197.4728,False
2026-07-18,Soybean Oil,Ensemble,18,189.6554,181.3764,197.6333,False
2026-07-19,Soybean Oil,Ensemble,19,189.2641,180.9196,197.6379,False
2026-07-20,Soybean Oil,Ensemble,20,189.3364,180.699,197.8654,False
2026-07-21,Soybean Oil,Ensemble,21,189.6862,180.5989,198.2029,False
2026-07-22,Soybean Oil,Ensemble,22,189.2882,180.4614,198.4926,False
2026-07-23,Soybean Oil,Ensemble,23,189.1157,180.1906,198.6385,False
2026-07-24,Soybean Oil,Ensemble,24,189.6504,180.1317,198.9872,False
2026-07-25,Soybean Oil,Ensemble,25,189.1927,179.9296,199.1843,False
2026-07-26,Soybean Oil,Ensemble,26,189.6305,179.6987,199.3446,False
2026-07-27,Soybean Oil,Ensemble,27,189.5227,179.4693,199.4984,False
2026-07-28,Soybean Oil,Ensemble,28,189.492,179.2918,199.697,False
2026-07-29,Soybean Oil,Ensemble,29,189.636,179.1324,199.9069,False
2026-07-30,Soybean Oil,Ensemble,30,189.2461,178.9792,200.1166,False
2026-07-31,Soybean Oil,Ensemble,31,189.6066,178.8033,200.2974,False
2026-08-01,Soybean Oil,Ensemble,32,189.6244,178.6318,200.4769,False
2026-08-02,Soybean Oil,Ensemble,33,189.365,178.4416,200.6321,False
2026-08-03,Soybean Oil,Ensemble,34,189.7112,178.2546,200.7852,False
2026-08-04,Soybean Oil,Ensemble,35,189.3215,178.0682,200.9338,False
2026-08-05,Soybean Oil,Ensemble,36,189.3938,177.8726,201.0684,False
2026-08-06,Soybean Oil,Ensemble,37,189.3323,177.7227,201.2441,False
2026-08-07,Soybean Oil,Ensemble,38,189.5743,177.5818,201.4242,False
2026-08-08,Soybean Oil,Ensemble,39,189.6732,177.4435,201.6028,False
2026-08-09,Soybean Oil,Ensemble,40,189.7219,177.3015,201.7736,False
2026-08-10,Soybean Oil,Ensemble,41,189.4987,177.1538,201.9346,False
2026-08-11,Soybean Oil,Ensemble,42,189.3851,176.9889,202.0747,False
2026-08-12,Soybean Oil,Ensemble,43,189.7027,176.7955,202.1826,False
2026-08-13,Soybean Oil,Ensemble,44,189.3322,176.5904,202.2753,False
2026-08-14,Soybean Oil,Ensemble,45,189.2571,176.3583,202.3375,False
2026-08-15,Soybean Oil,Ensemble,46,189.4291,176.0977,202.3681,False
2026-08-16,Soybean Oil,Ensemble,47,189.3465,175.9553,202.5135,False
2026-08-17,Soybean Oil,Ensemble,48,189.2994,175.8644,202.7075,False
2026-08-18,Soybean Oil,Ensemble,49,189.4813,175.7459,202.8708,False
2026-08-19,Soybean Oil,Ensemble,50,189.2285,175.6232,203.027,False
2026-08-20,Soybean Oil,Ensemble,51,189.1861,175.5058,203.1857,False
2026-08-21,Soybean Oil,Ensemble,52,189.6101,175.4349,203.3882,False
2026-08-22,Soybean Oil,Ensemble,53,189.304,175.3371,203.561,False
2026-08-23,Soybean Oil,Ensemble,54,189.5736,175.2364,203.7285,False
2026-08-24,Soybean Oil,Ensemble,55,189.4105,175.0885,203.8463,False
2026-08-25,Soybean Oil,Ensemble,56,189.34,174.9488,203.9698,False
2026-08-26,Soybean Oil,Ensemble,57,189.6473,174.8272,204.109,False
2026-08-27,Soybean Oil,Ensemble,58,189.1539,174.7243,204.2646,False
2026-08-28,Soybean Oil,Ensemble,59,189.6608,174.6064,204.403,False
2026-08-29,Soybean Oil,Ensemble,60,189.5292,174.4914,204.5422,False
