Date,Onion Price
2021-05-17,39
2021-05-18,39
2021-05-19,40
2021-05-20,42
2021-05-21,42
2021-05-22,42
2021-05-23,42
2021-05-24,42
2021-05-25,42
2021-05-26,42
2021-05-27,46
2021-05-28,47
2021-05-29,47
2021-05-30,47
2021-05-31,47
2021-06-01,47
2021-06-02,47
2021-06-03,49
2021-06-04,50
2021-06-05,55
2021-06-06,51
2021-06-07,50
2021-06-08,50
2021-06-09,50
2021-06-10,50
2021-06-11,50
2021-06-12,50
2021-06-13,47
2021-06-14,47
2021-06-15,47
2021-06-16,47
2021-06-17,47
2021-06-18,47
2021-06-19,47
2021-06-20,49
2021-06-21,50
2021-06-22,47
2021-06-23,47
2021-06-24,47
2021-06-25,47
2021-06-26,47
2021-06-27,47
2021-06-28,47
2021-06-29,47
2021-06-30,52
2021-07-01,49
2021-07-02,47
2021-07-03,52
2021-07-04,52
2021-07-05,47
2021-07-06,47
2021-07-07,47
2021-07-08,47
2021-07-09,47
2021-07-10,47
2021-07-11,49
2021-07-12,47
2021-07-13,47
2021-07-14,47
2021-07-15,47
2021-07-16,47
2021-07-17,47
2021-07-18,50
2021-07-19,47
2021-07-20,47
2021-07-21,47
2021-07-22,47
2021-07-23,47
2021-07-24,47
2021-07-25,47
2021-07-26,47
2021-07-27,47
2021-07-28,47
2021-07-29,47
2021-07-30,47
2021-07-31,47
2021-08-01,47
2021-08-02,47
2021-08-03,47
2021-08-04,47
2021-08-05,47
2021-08-06,47
2021-08-07,47
2021-08-08,47
2021-08-09,47
2021-08-10,47
2021-08-11,47
2021-08-12,47
2021-08-13,47
2021-08-14,47
2021-08-15,47
2021-08-16,47
2021-08-17,46
2021-08-18,47
2021-08-19,43
2021-08-20,43
2021-08-21,43
2021-08-22,43
2021-08-23,43
2021-08-24,43
2021-08-25,44
2021-08-26,47
2021-08-27,47
2021-08-28,47
2021-08-29,47
2021-08-30,43
2021-08-31,43
2021-09-01,43
2021-09-02,43
2021-09-03,43
2021-09-04,43
2021-09-05,43
2021-09-06,43
2021-09-07,42
2021-09-08,42
2021-09-09,42
2021-09-10,42
2021-09-11,46
2021-09-12,43
2021-09-13,43
2021-09-14,43
2021-09-15,43
2021-09-16,43
2021-09-17,43
2021-09-18,43
2021-09-19,43
2021-09-20,42
2021-09-21,42
2021-09-22,42
2021-09-23,42
2021-09-24,42
2021-09-25,42
2021-09-26,45
2021-09-27,45
2021-09-28,46
2021-09-29,46
2021-09-30,47
2021-10-01,47
2021-10-02,52
2021-10-03,57
2021-10-04,62
2021-10-05,65
2021-10-06,70
2021-10-07,75
2021-10-08,72
2021-10-09,70
2021-10-10,72
2021-10-11,72
2021-10-12,72
2021-10-13,68
2021-10-14,65
2021-10-15,63
2021-10-16,63
2021-10-17,62
2021-10-18,62
2021-10-19,62
2021-10-20,60
2021-10-21,57
2021-10-22,60
2021-10-23,58
2021-10-24,57
2021-10-25,60
2021-10-26,62
2021-10-27,62
2021-10-28,62
2021-10-29,60
2021-10-30,59
2021-10-31,58
2021-11-01,57
2021-11-02,57
2021-11-03,57
2021-11-04,56
2021-11-05,57
2021-11-06,58
2021-11-07,56
2021-11-08,55
2021-11-09,55
2021-11-10,57
2021-11-11,58
2021-11-12,59
2021-11-13,60
2021-11-14,60
2021-11-15,62
2021-11-16,62
2021-11-17,62
2021-11-18,60
2021-11-19,60
2021-11-20,60
2021-11-21,60
2021-11-22,60
2021-11-23,58
2021-11-24,57
2021-11-25,57
2021-11-26,57
2021-11-27,57
2021-11-28,52
2021-11-29,52
2021-11-30,52
2021-12-01,52
2021-12-02,52
2021-12-03,52
2021-12-04,52
2021-12-05,60
2021-12-06,66
2021-12-07,69
2021-12-08,71
2021-12-09,72
2021-12-10,72
2021-12-11,68
2021-12-12,65
2021-12-13,62
2021-12-14,60
2021-12-15,58
2021-12-16,58
2021-12-17,57
2021-12-18,57
2021-12-19,52
2021-12-20,50
2021-12-21,50
2021-12-22,50
2021-12-23,51
2021-12-24,52
2021-12-25,51
2021-12-26,50
2021-12-27,50
2021-12-28,47
2021-12-29,45
2021-12-30,45
2021-12-31,45
2022-01-01,43
2022-01-02,42
2022-01-03,42
2022-01-04,44
2022-01-05,44
2022-01-06,44
2022-01-07,45
2022-01-08,42
2022-01-09,41
2022-01-10,40
2022-01-11,40
2022-01-12,40
2022-01-13,40
2022-01-14,40
2022-01-15,40
2022-01-16,40
2022-01-17,40
2022-01-18,37
2022-01-19,36
2022-01-20,35
2022-01-21,33
2022-01-22,32
2022-01-23,30
2022-01-24,28
2022-01-25,27
2022-01-26,27
2022-01-27,30
2022-01-28,30
2022-01-29,25
2022-01-30,30
2022-01-31,27
2022-02-01,26
2022-02-02,25
2022-02-03,25
2022-02-04,25
2022-02-05,25
2022-02-06,30
2022-02-07,30
2022-02-08,30
2022-02-09,30
2022-02-10,30
2022-02-11,30
2022-02-12,36
2022-02-13,39
2022-02-14,41
2022-02-15,42
2022-02-16,43
2022-02-17,44
2022-02-18,45
2022-02-19,45
2022-02-20,47
2022-02-21,48
2022-02-22,50
2022-02-23,50
2022-02-24,47
2022-02-25,47
2022-02-26,47
2022-02-27,47
2022-02-28,47
2022-03-01,47
2022-03-02,47
2022-03-03,50
2022-03-04,55
2022-03-05,57
2022-03-06,58
2022-03-07,60
2022-03-08,60
2022-03-09,60
2022-03-10,60
2022-03-11,60
2022-03-12,60
2022-03-13,60
2022-03-14,60
2022-03-15,60
2022-03-16,60
2022-03-17,60
2022-03-18,60
2022-03-19,60
2022-03-20,
2022-03-21,
2022-03-22,
2022-03-23,
2022-03-24,
2022-03-25,
2022-03-26,
2022-03-27,
2022-03-28,
2022-03-29,
2022-03-30,
2022-03-31,
2022-04-01,
2022-04-02,30
2022-04-03,30
2022-04-04,30
2022-04-05,30
2022-04-06,30
2022-04-07,30
2022-04-08,30
2022-04-09,30
2022-04-10,30
2022-04-11,30
2022-04-12,30
2022-04-13,27
2022-04-14,
2022-04-15,
2022-04-16,30
2022-04-17,
2022-04-18,
2022-04-19,
2022-04-20,27
2022-04-21,
2022-04-22,27
2022-04-23,
2022-04-24,60
2022-04-25,
2022-04-26,32
2022-04-27,
2022-04-28,
2022-04-29,
2022-04-30,
2022-05-01,
2022-05-02,
2022-05-03,
2022-05-04,
2022-05-05,
2022-05-06,32
2022-05-07,
2022-05-08,
2022-05-09,
2022-05-10,
2022-05-11,
2022-05-12,
2022-05-13,
2022-05-14,
2022-05-15,
2022-05-16,42
2022-05-17,42
2022-05-18,
2022-05-19,
2022-05-20,39
2022-05-21,
2022-05-22,42
2022-05-23,
2022-05-24,
2022-05-25,40
2022-05-26,
2022-05-27,
2022-05-28,40
2022-05-29,
2022-05-30,
2022-05-31,
2022-06-01,37
2022-06-02,37
2022-06-03,37
2022-06-04,
2022-06-05,37
2022-06-06,
2022-06-07,
2022-06-08,
2022-06-09,
2022-06-10,
2022-06-11,37
2022-06-12,
2022-06-13,
2022-06-14,
2022-06-15,
2022-06-16,40
2022-06-17,
2022-06-18,
2022-06-19,
2022-06-20,
2022-06-21,
2022-06-22,
2022-06-23,
2022-06-24,
2022-06-25,
2022-06-26,38
2022-06-27,38
2022-06-28,38
2022-06-29,38
2022-06-30,38
2022-07-01,38
2022-07-02,38
2022-07-03,
2022-07-04,
2022-07-05,
2022-07-06,
2022-07-07,
2022-07-08,
2022-07-09,
2022-07-10,
2022-07-11,
2022-07-12,
2022-07-13,
2022-07-14,
2022-07-15,
2022-07-16,
2022-07-17,
2022-07-18,
2022-07-19,
2022-07-20,27
2022-07-21,27
2022-07-22,27
2022-07-23,27
2022-07-24,27
2022-07-25,27
2022-07-26,27
2022-07-27,27
2022-07-28,
2022-07-29,
2022-07-30,
2022-07-31,
2022-08-01,28
2022-08-02,28
2022-08-03,28
2022-08-04,28
2022-08-05,28
2022-08-06,28
2022-08-07,28
2022-08-08,28
2022-08-09,28
2022-08-10,
2022-08-11,
2022-08-12,
2022-08-13,
2022-08-14,
2022-08-15,
2022-08-16,
2022-08-17,
2022-08-18,
2022-08-19,
2022-08-20,
2022-08-21,
2022-08-22,35
2022-08-23,35
2022-08-24,35
2022-08-25,35
2022-08-26,35
2022-08-27,35
2022-08-28,50
2022-08-29,50
2022-08-30,50
2022-08-31,50
2022-09-01,50
2022-09-02,50
2022-09-03,50
2022-09-04,50
2022-09-05,
2022-09-06,
2022-09-07,
2022-09-08,
2022-09-09,
2022-09-10,
2022-09-11,
2022-09-12,
2022-09-13,
2022-09-14,
2022-09-15,
2022-09-16,
2022-09-17,
2022-09-18,
2022-09-19,
2022-09-20,
2022-09-21,
2022-09-22,
2022-09-23,
2022-09-24,
2022-09-25,
2022-09-26,
2022-09-27,
2022-09-28,48
2022-09-29,48
2022-09-30,48
2022-10-01,48
2022-10-02,48
2022-10-03,48
2022-10-04,48
2022-10-05,
2022-10-06,
2022-10-07,
2022-10-08,
2022-10-09,
2022-10-10,
2022-10-11,
2022-10-12,48
2022-10-13,48
2022-10-14,48
2022-10-15,48
2022-10-16,48
2022-10-17,48
2022-10-18,50
2022-10-19,50
2022-10-20,50
2022-10-21,50
2022-10-22,50
2022-10-23,50
2022-10-24,50
2022-10-25,50
2022-10-26,50
2022-10-27,50
2022-10-28,
2022-10-29,
2022-10-30,
2022-10-31,
2022-11-01,
2022-11-02,
2022-11-03,
2022-11-04,
2022-11-05,
2022-11-06,
2022-11-07,
2022-11-08,
2022-11-09,
2022-11-10,
2022-11-11,
2022-11-12,
2022-11-13,
2022-11-14,
2022-11-15,
2022-11-16,50
2022-11-17,50
2022-11-18,50
2022-11-19,50
2022-11-20,50
2022-11-21,50
2022-11-22,50
2022-11-23,50
2022-11-24,50
2022-11-25,48
2022-11-26,48
2022-11-27,48
2022-11-28,48
2022-11-29,48
2022-11-30,48
2022-12-01,48
2022-12-02,48
2022-12-03,48
2022-12-04,
2022-12-05,
2022-12-06,50
2022-12-07,50
2022-12-08,50
2022-12-09,50
2022-12-10,50
2022-12-11,50
2022-12-12,50
2022-12-13,50
2022-12-14,50
2022-12-15,50
2022-12-16,50
2022-12-17,50
2022-12-18,
2022-12-19,
2022-12-20,
2022-12-21,
2022-12-22,
2022-12-23,
2022-12-24,
2022-12-25,
2022-12-26,
2022-12-27,
2022-12-28,
2022-12-29,
2022-12-30,
2022-12-31,
2023-01-01,41
2023-01-02,37
2023-01-03,37
2023-01-04,38
2023-01-05,39
2023-01-06,40
2023-01-07,40
2023-01-08,40
2023-01-09,40
2023-01-10,37
2023-01-11,37
2023-01-12,40
2023-01-13,40
2023-01-14,37
2023-01-15,40
2023-01-16,40
2023-01-17,40
2023-01-18,40
2023-01-19,40
2023-01-20,40
2023-01-21,40
2023-01-22,32
2023-01-23,32
2023-01-24,32
2023-01-25,32
2023-01-26,32
2023-01-27,37
2023-01-28,37
2023-01-29,37
2023-01-30,37
2023-01-31,37
2023-02-01,37
2023-02-02,35
2023-02-03,35
2023-02-04,35
2023-02-05,35
2023-02-06,35
2023-02-07,35
2023-02-08,35
2023-02-09,35
2023-02-10,35
2023-02-11,
2023-02-12,35
2023-02-13,35
2023-02-14,34
2023-02-15,32
2023-02-16,32
2023-02-17,32
2023-02-18,32
2023-02-19,32
2023-02-20,32
2023-02-21,32
2023-02-22,32
2023-02-23,32
2023-02-24,32
2023-02-25,32
2023-02-26,32
2023-02-27,32
2023-02-28,30
2023-03-01,30
2023-03-02,30
2023-03-03,30
2023-03-04,30
2023-03-05,35
2023-03-06,35
2023-03-07,35
2023-03-08,35
2023-03-09,35
2023-03-10,35
2023-03-11,35
2023-03-12,30
2023-03-13,30
2023-03-14,30
2023-03-15,30
2023-03-16,30
2023-03-17,30
2023-03-18,30
2023-03-19,35
2023-03-20,35
2023-03-21,37
2023-03-22,37
2023-03-23,37
2023-03-24,37
2023-03-25,37
2023-03-26,
2023-03-27,40
2023-03-28,37
2023-03-29,40
2023-03-30,37
2023-03-31,35
2023-04-01,37
2023-04-02,35
2023-04-03,35
2023-04-04,35
2023-04-05,40
2023-04-06,35
2023-04-07,35
2023-04-08,35
2023-04-09,35
2023-04-10,35
2023-04-11,35
2023-04-12,35
2023-04-13,35
2023-04-14,35
2023-04-15,35
2023-04-16,35
2023-04-17,35
2023-04-18,35
2023-04-19,
2023-04-20,
2023-04-21,
2023-04-22,
2023-04-23,
2023-04-24,42
2023-04-25,40
2023-04-26,47
2023-04-27,47
2023-04-28,52
2023-04-29,50
2023-04-30,50
2023-05-01,
2023-05-02,50
2023-05-03,52
2023-05-04,
2023-05-05,52
2023-05-06,52
2023-05-07,55
2023-05-08,55
2023-05-09,62
2023-05-10,62
2023-05-11,62
2023-05-12,62
2023-05-13,62
2023-05-14,65
2023-05-15,67
2023-05-16,67
2023-05-17,72
2023-05-18,77
2023-05-19,77
2023-05-20,
2023-05-21,75
2023-05-22,75
2023-05-23,72
2023-05-24,72
2023-05-25,72
2023-05-26,72
2023-05-27,72
2023-05-28,72
2023-05-29,72
2023-05-30,72
2023-05-31,77
2023-06-01,
2023-06-02,77
2023-06-03,
2023-06-04,95
2023-06-05,85
2023-06-06,85
2023-06-07,72
2023-06-08,
2023-06-09,
2023-06-10,72
2023-06-11,72
2023-06-12,
2023-06-13,77
2023-06-14,77
2023-06-15,
2023-06-16,72
2023-06-17,
2023-06-18,
2023-06-19,72
2023-06-20,72
2023-06-21,
2023-06-22,
2023-06-23,67
2023-06-24,75
2023-06-25,67
2023-06-26,67
2023-06-27,
2023-06-28,
2023-06-29,
2023-06-30,
2023-07-01,
2023-07-02,82
2023-07-03,
2023-07-04,75
2023-07-05,
2023-07-06,75
2023-07-07,75
2023-07-08,75
2023-07-09,
2023-07-10,75
2023-07-11,
2023-07-12,65
2023-07-13,
2023-07-14,
2023-07-15,
2023-07-16,65
2023-07-17,
2023-07-18,
2023-07-19,
2023-07-20,
2023-07-21,
2023-07-22,65
2023-07-23,62
2023-07-24,
2023-07-25,62
2023-07-26,
2023-07-27,
2023-07-28,
2023-07-29,
2023-07-30,62
2023-07-31,62
2023-08-01,
2023-08-02,
2023-08-03,
2023-08-04,62
2023-08-05,62
2023-08-06,
2023-08-07,77
2023-08-08,
2023-08-09,
2023-08-10,
2023-08-11,
2023-08-12,80
2023-08-13,82
2023-08-14,
2023-08-15,
2023-08-16,
2023-08-17,72
2023-08-18,
2023-08-19,82
2023-08-20,82
2023-08-21,
2023-08-22,
2023-08-23,
2023-08-24,
2023-08-25,
2023-08-26,82
2023-08-27,
2023-08-28,
2023-08-29,
2023-08-30,
2023-08-31,85
2023-09-01,
2023-09-02,
2023-09-03,85
2023-09-04,85
2023-09-05,85
2023-09-06,
2023-09-07,85
2023-09-08,85
2023-09-09,
2023-09-10,85
2023-09-11,75
2023-09-12,
2023-09-13,
2023-09-14,
2023-09-15,
2023-09-16,
2023-09-17,
2023-09-18,75
2023-09-19,75
2023-09-20,
2023-09-21,75
2023-09-22,75
2023-09-23,
2023-09-24,
2023-09-25,75
2023-09-26,75
2023-09-27,
2023-09-28,
2023-09-29,
2023-09-30,
2023-10-01,
2023-10-02,
2023-10-03,85
2023-10-04,85
2023-10-05,85
2023-10-06,
2023-10-07,
2023-10-08,90
2023-10-09,90
2023-10-10,90
2023-10-11,90
2023-10-12,
2023-10-13,92
2023-10-14,
2023-10-15,
2023-10-16,90
2023-10-17,90
2023-10-18,95
2023-10-19,
2023-10-20,95
2023-10-21,97
2023-10-22,97
2023-10-23,97
2023-10-24,
2023-10-25,97
2023-10-26,100
2023-10-27,100
2023-10-28,100
2023-10-29,
2023-10-30,122
2023-10-31,127
2023-11-01,130
2023-11-02,
2023-11-03,130
2023-11-04,
2023-11-05,
2023-11-06,127
2023-11-07,132
2023-11-08,
2023-11-09,132
2023-11-10,127
2023-11-11,127
2023-11-12,125
2023-11-13,125
2023-11-14,125
2023-11-15,
2023-11-16,112
2023-11-17,112
2023-11-18,112
2023-11-19,112
2023-11-20,112
2023-11-21,112
2023-11-22,115
2023-11-23,110
2023-11-24,110
2023-11-25,110
2023-11-26,115
2023-11-27,115
2023-11-28,110
2023-11-29,112
2023-11-30,112
2023-12-01,115
2023-12-02,115
2023-12-03,120
2023-12-04,127
2023-12-05,122
2023-12-06,127
2023-12-07,127
2023-12-08,130
2023-12-09,185
2023-12-10,185
2023-12-11,150
2023-12-12,137
2023-12-13,125
2023-12-14,125
2023-12-15,125
2023-12-16,
2023-12-17,137
2023-12-18,130
2023-12-19,110
2023-12-20,105
2023-12-21,110
2023-12-22,110
2023-12-23,110
2023-12-24,110
2023-12-25,
2023-12-26,97
2023-12-27,85
2023-12-28,97
2023-12-29,97
2023-12-30,92
2023-12-31,90
2024-01-01,90
2024-01-02,85
2024-01-03,85
2024-01-04,85
2024-01-05,85
2024-01-06,85
2024-01-07,
2024-01-08,90
2024-01-09,92
2024-01-10,90
2024-01-11,90
2024-01-12,90
2024-01-13,90
2024-01-14,80
2024-01-15,80
2024-01-16,80
2024-01-17,80
2024-01-18,75
2024-01-19,75
2024-01-20,75
2024-01-21,70
2024-01-22,77
2024-01-23,77
2024-01-24,85
2024-01-25,85
2024-01-26,82
2024-01-27,82
2024-01-28,95
2024-01-29,95
2024-01-30,92
2024-01-31,90
2024-02-01,85
2024-02-02,85
2024-02-03,85
2024-02-04,92
2024-02-05,92
2024-02-06,92
2024-02-07,92
2024-02-08,95
2024-02-09,110
2024-02-10,
2024-02-11,107
2024-02-12,105
2024-02-13,105
2024-02-14,110
2024-02-15,105
2024-02-16,105
2024-02-17,112
2024-02-18,100
2024-02-19,100
2024-02-20,110
2024-02-21,
2024-02-22,115
2024-02-23,115
2024-02-24,115
2024-02-25,115
2024-02-26,
2024-02-27,115
2024-02-28,115
2024-02-29,
2024-03-01,115
2024-03-02,115
2024-03-03,115
2024-03-04,115
2024-03-05,
2024-03-06,
2024-03-07,90
2024-03-08,90
2024-03-09,95
2024-03-10,95
2024-03-11,95
2024-03-12,100
2024-03-13,90
2024-03-14,85
2024-03-15,85
2024-03-16,80
2024-03-17,
2024-03-18,
2024-03-19,65
2024-03-20,65
2024-03-21,62
2024-03-22,65
2024-03-23,65
2024-03-24,65
2024-03-25,64
2024-03-26,
2024-03-27,65
2024-03-28,57
2024-03-29,57
2024-03-30,55
2024-03-31,55
2024-04-01,52
2024-04-02,50
2024-04-03,50
2024-04-04,47
2024-04-05,47
2024-04-06,47
2024-04-07,
2024-04-08,57
2024-04-09,60
2024-04-10,
2024-04-11,
2024-04-12,
2024-04-13,
2024-04-14,
2024-04-15,60
2024-04-16,60
2024-04-17,60
2024-04-18,62
2024-04-19,62
2024-04-20,62
2024-04-21,62
2024-04-22,62
2024-04-23,62
2024-04-24,62
2024-04-25,59
2024-04-26,59
2024-04-27,59
2024-04-28,65
2024-04-29,65
2024-04-30,65
2024-05-01,
2024-05-02,70
2024-05-03,67
2024-05-04,70
2024-05-05,70
2024-05-06,70
2024-05-07,67
2024-05-08,70
2024-05-09,70
2024-05-10,72
2024-05-11,72
2024-05-12,75
2024-05-13,70
2024-05-14,70
2024-05-15,70
2024-05-16,70
2024-05-17,70
2024-05-18,70
2024-05-19,72
2024-05-20,70
2024-05-21,70
2024-05-22,
2024-05-23,72
2024-05-24,72
2024-05-25,72
2024-05-26,72
2024-05-27,72
2024-05-28,72
2024-05-29,72
2024-05-30,77
2024-05-31,77
2024-06-01,80
2024-06-02,80
2024-06-03,80
2024-06-04,80
2024-06-05,82
2024-06-06,82
2024-06-07,82
2024-06-08,85
2024-06-09,90
2024-06-10,77
2024-06-11,77
2024-06-12,85
2024-06-13,85
2024-06-14,87
2024-06-15,85
2024-06-16,
2024-06-17,
2024-06-18,
2024-06-19,87
2024-06-20,
2024-06-21,
2024-06-22,
2024-06-23,87
2024-06-24,87
2024-06-25,92
2024-06-26,95
2024-06-27,95
2024-06-28,95
2024-06-29,95
2024-06-30,95
2024-07-01,95
2024-07-02,97
2024-07-03,97
2024-07-04,97
2024-07-05,97
2024-07-06,105
2024-07-07,115
2024-07-08,115
2024-07-09,110
2024-07-10,110
2024-07-11,112
2024-07-12,112
2024-07-13,112
2024-07-14,115
2024-07-15,115
2024-07-16,115
2024-07-17,
2024-07-18,115
2024-07-19,
2024-07-20,
2024-07-21,
2024-07-22,
2024-07-23,
2024-07-24,
2024-07-25,112
2024-07-26,112
2024-07-27,115
2024-07-28,115
2024-07-29,115
2024-07-30,115
2024-07-31,115
2024-08-01,107
2024-08-02,112
2024-08-03,112
2024-08-04,115
2024-08-05,
2024-08-06,115
2024-08-07,115
2024-08-08,115
2024-08-09,115
2024-08-10,115
2024-08-11,117
2024-08-12,115
2024-08-13,115
2024-08-14,115
2024-08-15,115
2024-08-16,115
2024-08-17,115
2024-08-18,115
2024-08-19,112
2024-08-20,112
2024-08-21,112
2024-08-22,112
2024-08-23,112
2024-08-24,115
2024-08-25,115
2024-08-26,
2024-08-27,115
2024-08-28,115
2024-08-29,115
2024-08-30,115
2024-08-31,115
2024-09-01,115
2024-09-02,115
2024-09-03,115
2024-09-04,112
2024-09-05,115
2024-09-06,115
2024-09-07,115
2024-09-08,115
2024-09-09,115
2024-09-10,115
2024-09-11,115
2024-09-12,115
2024-09-13,115
2024-09-14,115
2024-09-15,115
2024-09-16,
2024-09-17,112
2024-09-18,112
2024-09-19,110
2024-09-20,110
2024-09-21,110
2024-09-22,112
2024-09-23,110
2024-09-24,110
2024-09-25,110
2024-09-26,110
2024-09-27,110
2024-09-28,110
2024-09-29,107
2024-09-30,107
2024-10-01,107
2024-10-02,107
2024-10-03,107
2024-10-04,107
2024-10-05,110
2024-10-06,110
2024-10-07,110
2024-10-08,110
2024-10-09,115
2024-10-10,
2024-10-11,115
2024-10-12,115
2024-10-13,
2024-10-14,115
2024-10-15,115
2024-10-16,115
2024-10-17,115
2024-10-18,115
2024-10-19,115
2024-10-20,120
2024-10-21,120
2024-10-22,122
2024-10-23,122
2024-10-24,122
2024-10-25,125
2024-10-26,140
2024-10-27,140
2024-10-28,140
2024-10-29,140
2024-10-30,140
2024-10-31,140
2024-11-01,140
2024-11-02,140
2024-11-03,140
2024-11-04,140
2024-11-05,140
2024-11-06,140
2024-11-07,140
2024-11-08,140
2024-11-09,140
2024-11-10,140
2024-11-11,140
2024-11-12,140
2024-11-13,140
2024-11-14,140
2024-11-15,140
2024-11-16,140
2024-11-17,140
2024-11-18,140
2024-11-19,135
2024-11-20,135
2024-11-21,125
2024-11-22,122
2024-11-23,125
2024-11-24,122
2024-11-25,122
2024-11-26,122
2024-11-27,122
2024-11-28,122
2024-11-29,122
2024-11-30,122
2024-12-01,122
2024-12-02,122
2024-12-03,122
2024-12-04,122
2024-12-05,122
2024-12-06,122
2024-12-07,122
2024-12-08,120
2024-12-09,120
2024-12-10,120
2024-12-11,115
2024-12-12,112
2024-12-13,112
2024-12-14,107
2024-12-15,102
2024-12-16,102
2024-12-17,102
2024-12-18,102
2024-12-19,100
2024-12-20,100
2024-12-21,
2024-12-22,100
2024-12-23,90
2024-12-24,80
2024-12-25,
2024-12-26,80
2024-12-27,80
2024-12-28,62
2024-12-29,72
2024-12-30,72
2024-12-31,
2025-01-01,72
2025-01-02,72
2025-01-03,67
2025-01-04,67
2025-01-05,67
2025-01-06,67
2025-01-07,60
2025-01-08,60
2025-01-09,60
2025-01-10,60
2025-01-11,60
2025-01-12,60
2025-01-13,60
2025-01-14,60
2025-01-15,60
2025-01-16,60
2025-01-17,60
2025-01-18,60
2025-01-19,60
2025-01-20,60
2025-01-21,60
2025-01-22,52
2025-01-23,52
2025-01-24,52
2025-01-25,47
2025-01-26,50
2025-01-27,50
2025-01-28,45
2025-01-29,42
2025-01-30,42
2025-01-31,42
2025-02-01,47
2025-02-02,42
2025-02-03,42
2025-02-04,42
2025-02-05,42
2025-02-06,42
2025-02-07,42
2025-02-08,42
2025-02-09,42
2025-02-10,42
2025-02-11,42
2025-02-12,42
2025-02-13,42
2025-02-14,42
2025-02-15,42
2025-02-16,42
2025-02-17,42
2025-02-18,42
2025-02-19,42
2025-02-20,45
2025-02-21,42
2025-02-22,42
2025-02-23,42
2025-02-24,42
2025-02-25,42
2025-02-26,42
2025-02-27,42
2025-02-28,42
2025-03-01,42
2025-03-02,42
2025-03-03,42
2025-03-04,42
2025-03-05,42
2025-03-06,42
2025-03-07,42
2025-03-08,42
2025-03-09,42
2025-03-10,42
2025-03-11,41
2025-03-12,42
2025-03-13,42
2025-03-14,42
2025-03-15,42
2025-03-16,42
2025-03-17,40
2025-03-18,40
2025-03-19,40
2025-03-20,42
2025-03-21,42
2025-03-22,42
2025-03-23,42
2025-03-24,37
2025-03-25,37
2025-03-26,37
2025-03-27,
2025-03-28,
2025-03-29,
2025-03-30,
2025-03-31,
2025-04-01,
2025-04-02,
2025-04-03,
2025-04-04,37
2025-04-05,37
2025-04-06,37
2025-04-07,37
2025-04-08,40
2025-04-09,40
2025-04-10,38
2025-04-11,38
2025-04-12,40
2025-04-13,42
2025-04-14,
2025-04-15,47
2025-04-16,50
2025-04-17,52
2025-04-18,52
2025-04-19,52
2025-04-20,52
2025-04-21,52
2025-04-22,52
2025-04-23,52
2025-04-24,52
2025-04-25,52
2025-04-26,52
2025-04-27,57
2025-04-28,60
2025-04-29,60
2025-04-30,57
2025-05-01,
2025-05-02,57
2025-05-03,57
2025-05-04,57
2025-05-05,57
2025-05-06,57
2025-05-07,57
2025-05-08,60
2025-05-09,57
2025-05-10,54
2025-05-11,54
2025-05-12,54
2025-05-13,54
2025-05-14,54
2025-05-15,54
2025-05-16,54
2025-05-17,54
2025-05-18,54
2025-05-19,54
2025-05-20,55
2025-05-21,55
2025-05-22,55
2025-05-23,55
2025-05-24,55
2025-05-25,55
2025-05-26,55
2025-05-27,55
2025-05-28,55
2025-05-29,55
2025-05-30,55
2025-05-31,55
2025-06-01,55
2025-06-02,55
2025-06-03,55
2025-06-04,55
2025-06-05,
2025-06-06,
2025-06-07,
2025-06-08,
2025-06-09,
2025-06-10,
2025-06-11,
2025-06-12,
2025-06-13,57
2025-06-14,57
2025-06-15,55
2025-06-16,55
2025-06-17,55
2025-06-18,55
2025-06-19,55
2025-06-20,55
2025-06-21,55
2025-06-22,55
2025-06-23,55
2025-06-24,55
2025-06-25,55
2025-06-26,55
2025-06-27,55
2025-06-28,55
2025-06-29,55
2025-06-30,55
2025-07-01,57
2025-07-02,55
2025-07-03,57
2025-07-04,57
2025-07-05,57
2025-07-06,57
2025-07-07,57
2025-07-08,57
2025-07-09,60
2025-07-10,60
2025-07-11,60
2025-07-12,60
2025-07-13,60
2025-07-14,60
2025-07-15,60
2025-07-16,60
2025-07-17,60
2025-07-18,62
2025-07-19,62
2025-07-20,62
2025-07-21,60
2025-07-22,60
2025-07-23,60
2025-07-24,60
2025-07-25,60
2025-07-26,60
2025-07-27,60
2025-07-28,62
2025-07-29,62
2025-07-30,62
2025-07-31,62
2025-08-01,62
2025-08-02,67
2025-08-03,75
2025-08-04,77
2025-08-05,
2025-08-06,80
2025-08-07,80
2025-08-08,80
2025-08-09,80
2025-08-10,80
2025-08-11,80
2025-08-12,80
2025-08-13,80
2025-08-14,80
2025-08-15,80
2025-08-16,
2025-08-17,80
2025-08-18,80
2025-08-19,80
2025-08-20,80
2025-08-21,80
2025-08-22,80
2025-08-23,80
2025-08-24,80
2025-08-25,80
2025-08-26,80
2025-08-27,80
2025-08-28,80
2025-08-29,80
2025-08-30,80
2025-08-31,80
2025-09-01,80
2025-09-02,80
2025-09-03,80
2025-09-04,80
2025-09-05,80
2025-09-06,80
2025-09-07,80
2025-09-08,80
2025-09-09,80
2025-09-10,76
2025-09-11,77
2025-09-12,76
2025-09-13,76
2025-09-14,76
2025-09-15,75
2025-09-16,75
2025-09-17,75
2025-09-18,75
2025-09-19,75
2025-09-20,75
2025-09-21,75
2025-09-22,75
2025-09-23,72
2025-09-24,72
2025-09-25,75
2025-09-26,75
2025-09-27,75
2025-09-28,75
2025-09-29,72
2025-09-30,72
2025-10-01,
2025-10-02,
2025-10-03,72
2025-10-04,72
2025-10-05,72
2025-10-06,72
2025-10-07,72
2025-10-08,75
2025-10-09,75
2025-10-10,77
2025-10-11,77
2025-10-12,75
2025-10-13,75
2025-10-14,75
2025-10-15,75
2025-10-16,75
2025-10-17,80
2025-10-18,77
2025-10-19,77
2025-10-20,75
2025-10-21,75
2025-10-22,75
2025-10-23,75
2025-10-24,75
2025-10-25,75
2025-10-26,75
2025-10-27,75
2025-10-28,75
2025-10-29,75
2025-10-30,75
2025-10-31,75
2025-11-01,75
2025-11-02,92
2025-11-03,100
2025-11-04,105
2025-11-05,115
2025-11-06,115
2025-11-07,115
2025-11-08,117
2025-11-09,115
2025-11-10,115
2025-11-11,115
2025-11-12,115
2025-11-13,110
2025-11-14,110
2025-11-15,110
2025-11-16,110
2025-11-17,110
2025-11-18,110
2025-11-19,110
2025-11-20,110
2025-11-21,110
2025-11-22,110
2025-11-23,110
2025-11-24,110
2025-11-25,110
2025-11-26,110
2025-11-27,107
2025-11-28,107
2025-11-29,110
2025-11-30,110
2025-12-01,110
2025-12-02,110
2025-12-03,110
2025-12-04,125
2025-12-05,130
2025-12-06,140
2025-12-07,140
2025-12-08,125
2025-12-09,125
2025-12-10,120
2025-12-11,120
2025-12-12,120
2025-12-13,120
2025-12-14,110
2025-12-15,100
2025-12-16,100
2025-12-17,100
2025-12-18,100
2025-12-19,100
2025-12-20,110
2025-12-21,105
2025-12-22,100
2025-12-23,100
2025-12-24,100
2025-12-25,
2025-12-26,100
2025-12-27,100
2025-12-28,100
2025-12-29,100
2025-12-30,90
2025-12-31,
2026-01-01,67
2026-01-02,67
2026-01-03,67
2026-01-04,67
2026-01-05,67
2026-01-06,67
2026-01-07,67
2026-01-08,67
2026-01-09,65
2026-01-10,65
2026-01-11,65
2026-01-12,65
2026-01-13,65
2026-01-14,60
2026-01-15,60
2026-01-16,60
2026-01-17,60
2026-01-18,55
2026-01-19,55
2026-01-20,60
2026-01-21,60
2026-01-22,60
2026-01-23,55
2026-01-24,55
2026-01-25,55
2026-01-26,55
2026-01-27,55
2026-01-28,55
2026-01-29,60
2026-01-30,60
2026-01-31,55
2026-02-01,55
2026-02-02,55
2026-02-03,52
2026-02-04,52
2026-02-05,52
2026-02-06,52
2026-02-07,52
2026-02-08,52
2026-02-09,55
2026-02-10,55
2026-02-11,
2026-02-12,
2026-02-13,50
2026-02-14,50
2026-02-15,55
2026-02-16,55
2026-02-17,55
2026-02-18,57
2026-02-19,57
2026-02-20,55
2026-02-21,50
2026-02-22,50
2026-02-23,50
2026-02-24,50
2026-02-25,50
2026-02-26,50
2026-02-27,50
2026-02-28,47
2026-03-01,50
2026-03-02,50
2026-03-03,50
2026-03-04,45
2026-03-05,45
2026-03-06,45
2026-03-07,45
2026-03-08,42
2026-03-09,42
2026-03-10,42
2026-03-11,42
2026-03-12,40
2026-03-13,40
2026-03-14,40
2026-03-15,40
2026-03-16,40
2026-03-17,
2026-03-18,
2026-03-19,
2026-03-20,
2026-03-21,
2026-03-22,
2026-03-23,
2026-03-24,37
2026-03-25,37
2026-03-26,
2026-03-27,37
2026-03-28,37
2026-03-29,37
2026-03-30,37
2026-03-31,37
2026-04-01,37
2026-04-02,37
2026-04-03,37
2026-04-04,37
2026-04-05,37
2026-04-06,37
2026-04-07,37
2026-04-08,37
2026-04-09,37
2026-04-10,37
2026-04-11,35
2026-04-12,35
2026-04-13,37
2026-04-14,40
2026-04-15,40
2026-04-16,37
2026-04-17,45
2026-04-18,45
2026-04-19,42
2026-04-20,42
2026-04-21,40
2026-04-22,40
2026-04-23,40
2026-04-24,37
2026-04-25,37
2026-04-26,37
2026-04-27,37
2026-04-28,37
2026-04-29,37
2026-04-30,37
2026-05-01,
2026-05-02,37
2026-05-03,37
2026-05-04,37
2026-05-05,37
2026-05-06,37
2026-05-07,37
2026-05-08,37
2026-05-09,37
2026-05-10,37
2026-05-11,37
2026-05-12,37
2026-05-13,37
2026-05-14,40
2026-05-15,45
2026-05-16,45
2026-05-17,45
2026-05-18,45
2026-05-19,45
2026-05-20,45
2026-05-21,45
2026-05-22,45
2026-05-23,45
2026-05-24,45
2026-05-25,
2026-05-26,
2026-05-27,
2026-05-28,
2026-05-29,
2026-05-30,
2026-05-31,
2026-06-01,45
2026-06-02,45
2026-06-03,45
2026-06-04,42
2026-06-05,42
2026-06-06,42
2026-06-07,42
2026-06-08,42
2026-06-09,42
2026-06-10,42
2026-06-11,40
2026-06-12,40
2026-06-13,40
2026-06-14,40
2026-06-15,40
2026-06-16,40
2026-06-17,40
2026-06-18,40
2026-06-19,40
2026-06-20,40
2026-06-21,40
2026-06-22,42
2026-06-23,42
2026-06-24,42
2026-06-25,42
2026-06-26,
2026-06-27,42
2026-06-28,42
2026-06-29,40
2026-06-30,40
2026-07-01,40
2026-07-02,40
2026-07-03,40
2026-07-04,42
2026-07-05,40
2026-07-06,40
2026-07-07,40
2026-07-08,40
2026-07-09,42
2026-07-10,42
2026-07-11,42
2026-07-12,40
2026-07-13,40
2026-07-14,40
2026-07-15,40
2026-07-16,40
2026-07-17,40
2026-07-18,42
2026-07-19,42
2026-07-20,50
2026-07-21,50
2026-07-22,50
2026-07-23,50
2026-07-24,54
2026-07-25,54
2026-07-26,55
2026-07-27,55
2026-07-28,57
2026-07-29,57
2026-07-30,57
2026-07-31,57